2018-06-09 14:36:04;AC  0240    V
2018-06-09 14:36:14;AC  0241    V
2018-06-09 14:36:24;AC  0240    V
2018-06-09 14:36:35;AC  0240    V
2018-06-09 14:36:45;AC  0240    V
2018-06-09 14:36:55;AC  0240    V
2018-06-09 14:37:05;AC  0240    V
2018-06-09 14:37:16;AC  0240    V
2018-06-09 14:37:26;AC  0239    V
2018-06-09 14:37:36;AC  0240    V
2018-06-09 14:37:47;AC  0240    V
2018-06-09 14:37:57;AC  0240    V
2018-06-09 14:38:07;AC  0240    V
2018-06-09 14:38:17;AC  0240    V
2018-06-09 14:38:28;AC  0239    V
2018-06-09 14:38:38;AC  0240    V
2018-06-09 14:38:48;AC  0240    V
2018-06-09 14:38:59;AC  0240    V
2018-06-09 14:39:09;AC  0240    V
2018-06-09 14:39:19;AC  0240    V
2018-06-09 14:39:29;AC  0240    V
2018-06-09 14:39:40;AC  0240    V
2018-06-09 14:39:50;AC  0240    V
2018-06-09 14:40:00;AC  0240    V
2018-06-09 14:40:11;AC  0240    V
2018-06-09 14:40:21;AC  0239    V
2018-06-09 14:40:31;AC  0240    V
2018-06-09 14:40:42;AC  0240    V
2018-06-09 14:40:52;AC  0240    V
2018-06-09 14:41:02;AC  0240    V
2018-06-09 14:41:13;AC  0240    V
2018-06-09 14:41:23;AC  0240    V
2018-06-09 14:41:33;AC  0240    V
2018-06-09 14:41:44;AC  0240    V
2018-06-09 14:41:54;AC  0240    V
2018-06-09 14:42:04;AC  0240    V
2018-06-09 14:42:15;AC  0240    V
2018-06-09 14:42:25;AC  0240    V
2018-06-09 14:42:35;AC  0240    V
2018-06-09 14:42:45;AC  0240    V
2018-06-09 14:42:56;AC  0240    V
2018-06-09 14:43:06;AC  0240    V
2018-06-09 14:43:16;AC  0240    V
2018-06-09 14:43:26;AC  0240    V
2018-06-09 14:43:37;AC  0240    V
2018-06-09 14:43:47;AC  0240    V
2018-06-09 14:43:57;AC  0240    V
2018-06-09 14:44:08;AC  0240    V
2018-06-09 14:44:18;AC  0240    V
2018-06-09 14:44:28;AC  0240    V
2018-06-09 14:44:39;AC  0240    V
2018-06-09 14:44:49;AC  0240    V
2018-06-09 14:45:00;AC  0240    V
2018-06-09 14:45:10;AC  0240    V
2018-06-09 14:45:20;AC  0240    V
2018-06-09 14:45:30;AC  0240    V
2018-06-09 14:45:41;AC  0240    V
2018-06-09 14:45:51;AC  0240    V
2018-06-09 14:46:01;AC  0240    V
2018-06-09 14:46:11;AC  0240    V
2018-06-09 14:46:22;AC  0240    V
2018-06-09 14:46:32;AC  0240    V
2018-06-09 14:46:42;AC  0240    V
2018-06-09 14:46:52;AC  0240    V
2018-06-09 14:47:03;AC  0240    V
2018-06-09 14:47:13;AC  0240    V
2018-06-09 14:47:23;AC  0240    V
2018-06-09 14:47:34;AC  0240    V
2018-06-09 14:47:44;AC  0240    V
2018-06-09 14:47:54;AC  0240    V
2018-06-09 14:48:04;AC  0240    V
2018-06-09 14:48:15;AC  0240    V
2018-06-09 14:48:25;AC  0240    V
2018-06-09 14:48:35;AC  0240    V
2018-06-09 14:48:45;AC  0240    V
2018-06-09 14:48:56;AC  0240    V
2018-06-09 14:49:06;AC  0240    V
2018-06-09 14:49:16;AC  0240    V
2018-06-09 14:49:27;AC  0240    V
2018-06-09 14:49:37;AC  0240    V
2018-06-09 14:49:47;AC  0240    V
2018-06-09 14:49:57;AC  0240    V
2018-06-09 14:50:08;AC  0240    V
2018-06-09 14:50:18;AC  0240    V
2018-06-09 14:50:28;AC  0241    V
2018-06-09 14:50:39;AC  0241    V
2018-06-09 14:50:49;AC  0240    V
2018-06-09 14:50:59;AC  0240    V
2018-06-09 14:51:09;AC  0240    V
2018-06-09 14:51:20;AC  0241    V
2018-06-09 14:51:30;AC  0240    V
2018-06-09 14:51:40;AC  0240    V
2018-06-09 14:51:50;AC  0240    V
2018-06-09 14:52:01;AC  0240    V
2018-06-09 14:52:11;AC  0241    V
2018-06-09 14:52:21;AC  0241    V
2018-06-09 14:52:32;AC  0241    V
2018-06-09 14:52:42;AC  0240    V
2018-06-09 14:52:52;AC  0241    V
2018-06-09 14:53:02;AC  0241    V
2018-06-09 14:53:13;AC  0240    V
2018-06-09 14:53:23;AC  0240    V
2018-06-09 14:53:33;AC  0240    V
2018-06-09 14:53:44;AC  0240    V
2018-06-09 14:53:54;AC  0239    V
2018-06-09 14:54:04;AC  0239    V
2018-06-09 14:54:15;AC  0240    V
2018-06-09 14:54:25;AC  0240    V
2018-06-09 14:54:35;AC  0240    V
2018-06-09 14:54:45;AC  0240    V
2018-06-09 14:54:56;AC  0240    V
2018-06-09 14:55:06;AC  0240    V
2018-06-09 14:55:16;AC  0240    V
2018-06-09 14:55:26;AC  0240    V
2018-06-09 14:55:37;AC  0240    V
2018-06-09 14:55:47;AC  0240    V
2018-06-09 14:55:57;AC  0240    V
2018-06-09 14:56:07;AC  0240    V
2018-06-09 14:56:18;AC  0241    V
2018-06-09 14:56:28;AC  0240    V
2018-06-09 14:56:38;AC  0240    V
2018-06-09 14:56:49;AC  0241    V
2018-06-09 14:56:59;AC  0240    V
2018-06-09 14:57:09;AC  0240    V
2018-06-09 14:57:20;AC  0240    V
2018-06-09 14:57:30;AC  0240    V
2018-06-09 14:57:40;AC  0240    V
2018-06-09 14:57:50;AC  0240    V
2018-06-09 14:58:01;AC  0240    V
2018-06-09 14:58:11;AC  0240    V
2018-06-09 14:58:21;AC  0240    V
2018-06-09 14:58:32;AC  0240    V
2018-06-09 14:58:42;AC  0240    V
2018-06-09 14:58:52;AC  0240    V
2018-06-09 14:59:02;AC  0240    V
2018-06-09 14:59:13;AC  0241    V
2018-06-09 14:59:23;AC  0241    V
2018-06-09 14:59:33;AC  0241    V
2018-06-09 14:59:43;AC  0240    V
2018-06-09 14:59:54;AC  0240    V
2018-06-09 15:00:04;AC  0240    V
2018-06-09 15:00:14;AC  0241    V
2018-06-09 15:00:24;AC  0241    V
2018-06-09 15:00:35;AC  0241    V
2018-06-09 15:00:45;AC  0240    V
2018-06-09 15:00:55;AC  0241    V
2018-06-09 15:01:06;AC  0241    V
2018-06-09 15:01:16;AC  0240    V
2018-06-09 15:01:26;AC  0241    V
2018-06-09 15:01:36;AC  0241    V
2018-06-09 15:01:47;AC  0241    V
2018-06-09 15:01:57;AC  0241    V
2018-06-09 15:02:07;AC  0241    V
2018-06-09 15:02:17;AC  0241    V
2018-06-09 15:02:28;AC  0241    V
2018-06-09 15:02:38;AC  0241    V
2018-06-09 15:02:48;AC  0241    V
2018-06-09 15:02:58;AC  0241    V
2018-06-09 15:03:09;AC  0241    V
2018-06-09 15:03:19;AC  0241    V
2018-06-09 15:03:29;AC  0241    V
2018-06-09 15:03:40;AC  0241    V
2018-06-09 15:03:50;AC  0241    V
2018-06-09 15:04:00;AC  0241    V
2018-06-09 15:04:10;AC  0241    V
2018-06-09 15:04:21;AC  0241    V
2018-06-09 15:04:31;AC  0241    V
2018-06-09 15:04:41;AC  0241    V
2018-06-09 15:04:52;AC  0241    V
2018-06-09 15:05:02;AC  0240    V
2018-06-09 15:05:12;AC  0241    V
2018-06-09 15:05:23;AC  0241    V
2018-06-09 15:05:33;AC  0241    V
2018-06-09 15:05:43;AC  0241    V
2018-06-09 15:05:53;AC  0241    V
2018-06-09 15:06:04;AC  0241    V
2018-06-09 15:06:14;AC  0241    V
2018-06-09 15:06:24;AC  0241    V
2018-06-09 15:06:35;AC  0241    V
2018-06-09 15:06:45;AC  0241    V
2018-06-09 15:06:56;AC  0241    V
2018-06-09 15:07:06;AC  0241    V
2018-06-09 15:07:16;AC  0241    V
2018-06-09 15:07:26;AC  0241    V
2018-06-09 15:07:37;AC  0240    V
2018-06-09 15:07:47;AC  0240    V
2018-06-09 15:07:57;AC  0240    V
2018-06-09 15:08:07;AC  0240    V
2018-06-09 15:08:18;AC  0241    V
2018-06-09 15:08:28;AC  0240    V
2018-06-09 15:08:38;AC  0240    V
2018-06-09 15:08:49;AC  0240    V
2018-06-09 15:08:59;AC  0240    V
2018-06-09 15:09:09;AC  0239    V
2018-06-09 15:09:19;AC  0239    V
2018-06-09 15:09:30;AC  0239    V
2018-06-09 15:09:40;AC  0240    V
2018-06-09 15:09:50;AC  0240    V
2018-06-09 15:10:01;AC  0240    V
2018-06-09 15:10:11;AC  0240    V
2018-06-09 15:10:21;AC  0240    V
2018-06-09 15:10:31;AC  0239    V
2018-06-09 15:10:42;AC  0240    V
2018-06-09 15:10:52;AC  0240    V
2018-06-09 15:11:02;AC  0240    V
2018-06-09 15:11:12;AC  0239    V
2018-06-09 15:11:23;AC  0240    V
2018-06-09 15:11:33;AC  0240    V
2018-06-09 15:11:43;AC  0240    V
2018-06-09 15:11:53;AC  0240    V
2018-06-09 15:12:04;AC  0241    V
2018-06-09 15:12:14;AC  0240    V
2018-06-09 15:12:24;AC  0240    V
2018-06-09 15:12:35;AC  0240    V
2018-06-09 15:12:45;AC  0240    V
2018-06-09 15:12:55;AC  0240    V
2018-06-09 15:13:05;AC  0239    V
2018-06-09 15:13:16;AC  0240    V
2018-06-09 15:13:26;AC  0241    V
2018-06-09 15:13:37;AC  0240    V
2018-06-09 15:13:47;AC  0240    V
2018-06-09 15:13:57;AC  0240    V
2018-06-09 15:14:07;AC  0240    V
2018-06-09 15:14:18;AC  0240    V
2018-06-09 15:14:28;AC  0240    V
2018-06-09 15:14:38;AC  0239    V
2018-06-09 15:14:48;AC  0240    V
2018-06-09 15:14:59;AC  0240    V
2018-06-09 15:15:09;AC  0240    V
2018-06-09 15:15:19;AC  0240    V
2018-06-09 15:15:30;AC  0240    V
2018-06-09 15:15:40;AC  0240    V
2018-06-09 15:15:50;AC  0240    V
2018-06-09 15:16:01;AC  0240    V
2018-06-09 15:16:11;AC  0240    V
2018-06-09 15:16:21;AC  0240    V
2018-06-09 15:16:32;AC  0240    V
2018-06-09 15:16:42;AC  0240    V
2018-06-09 15:16:52;AC  0240    V
2018-06-09 15:17:02;AC  0240    V
2018-06-09 15:17:13;AC  0240    V
2018-06-09 15:17:23;AC  0240    V
2018-06-09 15:17:33;AC  0240    V
2018-06-09 15:17:44;AC  0240    V
2018-06-09 15:17:54;AC  0240    V
2018-06-09 15:18:04;AC  0240    V
2018-06-09 15:18:14;AC  0240    V
2018-06-09 15:18:25;AC  0240    V
2018-06-09 15:18:35;AC  0240    V
2018-06-09 15:18:45;AC  0240    V
2018-06-09 15:18:56;AC  0240    V
2018-06-09 15:19:06;AC  0240    V
2018-06-09 15:19:16;AC  0240    V
2018-06-09 15:19:26;AC  0241    V
2018-06-09 15:19:37;AC  0241    V
2018-06-09 15:19:47;AC  0241    V
2018-06-09 15:19:57;AC  0241    V
2018-06-09 15:20:07;AC  0240    V
2018-06-09 15:20:18;AC  0241    V
2018-06-09 15:20:28;AC  0240    V
2018-06-09 15:20:38;AC  0241    V
2018-06-09 15:20:48;AC  0241    V
2018-06-09 15:20:59;AC  0241    V
2018-06-09 15:21:09;AC  0240    V
2018-06-09 15:21:19;AC  0240    V
2018-06-09 15:21:30;AC  0240    V
2018-06-09 15:21:40;AC  0240    V
2018-06-09 15:21:50;AC  0240    V
2018-06-09 15:22:00;AC  0240    V
2018-06-09 15:22:11;AC  0240    V
2018-06-09 15:22:21;AC  0240    V
2018-06-09 15:22:32;AC  0240    V
2018-06-09 15:22:42;AC  0240    V
2018-06-09 15:22:52;AC  0240    V
2018-06-09 15:23:03;AC  0240    V
2018-06-09 15:23:13;AC  0240    V
2018-06-09 15:23:23;AC  0241    V
2018-06-09 15:23:33;AC  0240    V
2018-06-09 15:23:44;AC  0241    V
2018-06-09 15:23:54;AC  0241    V
2018-06-09 15:24:04;AC  0241    V
2018-06-09 15:24:15;AC  0240    V
2018-06-09 15:24:25;AC  0240    V
2018-06-09 15:24:35;AC  0240    V
2018-06-09 15:24:46;AC  0241    V
2018-06-09 15:24:56;AC  0241    V
2018-06-09 15:25:06;AC  0241    V
2018-06-09 15:25:16;AC  0241    V
2018-06-09 15:25:27;AC  0240    V
2018-06-09 15:25:37;AC  0240    V
2018-06-09 15:25:47;AC  0240    V
2018-06-09 15:25:57;AC  0240    V
2018-06-09 15:26:08;AC  0240    V
2018-06-09 15:26:18;AC  0240    V
2018-06-09 15:26:28;AC  0240    V
2018-06-09 15:26:39;AC  0240    V
2018-06-09 15:26:49;AC  0240    V
2018-06-09 15:26:59;AC  0240    V
2018-06-09 15:27:09;AC  0240    V
2018-06-09 15:27:20;AC  0240    V
2018-06-09 15:27:30;AC  0240    V
2018-06-09 15:27:40;AC  0240    V
2018-06-09 15:27:51;AC  0241    V
2018-06-09 15:28:01;AC  0241    V
2018-06-09 15:28:11;AC  0240    V
2018-06-09 15:28:21;AC  0240    V
2018-06-09 15:28:32;AC  0240    V
2018-06-09 15:28:42;AC  0240    V
2018-06-09 15:28:52;AC  0240    V
2018-06-09 15:29:02;AC  0240    V
2018-06-09 15:29:13;AC  0241    V
2018-06-09 15:29:23;AC  0240    V
2018-06-09 15:29:33;AC  0240    V
2018-06-09 15:29:44;AC  0240    V
2018-06-09 15:29:54;AC  0240    V
2018-06-09 15:30:04;AC  0240    V
2018-06-09 15:30:14;AC  0240    V
2018-06-09 15:30:25;AC  0240    V
2018-06-09 15:30:35;AC  0240    V
2018-06-09 15:30:45;AC  0240    V
2018-06-09 15:30:55;AC  0241    V
2018-06-09 15:31:06;AC  0240    V
2018-06-09 15:31:16;AC  0240    V
2018-06-09 15:31:26;AC  0240    V
2018-06-09 15:31:37;AC  0240    V
2018-06-09 15:31:47;AC  0240    V
2018-06-09 15:31:57;AC  0240    V
2018-06-09 15:32:07;AC  0240    V
2018-06-09 15:32:18;AC  0240    V
2018-06-09 15:32:28;AC  0240    V
2018-06-09 15:32:38;AC  0240    V
2018-06-09 15:32:48;AC  0240    V
2018-06-09 15:32:59;AC  0240    V
2018-06-09 15:33:09;AC  0240    V
2018-06-09 15:33:19;AC  0240    V
2018-06-09 15:33:30;AC  0240    V
2018-06-09 15:33:40;AC  0240    V
2018-06-09 15:33:50;AC  0241    V
2018-06-09 15:34:00;AC  0241    V
2018-06-09 15:34:11;AC  0240    V
2018-06-09 15:34:21;AC  0241    V
2018-06-09 15:34:31;AC  0241    V
2018-06-09 15:34:41;AC  0241    V
2018-06-09 15:34:52;AC  0241    V
2018-06-09 15:35:02;AC  0241    V
2018-06-09 15:35:12;AC  0239    V
2018-06-09 15:35:22;AC  0240    V
2018-06-09 15:35:33;AC  0241    V
2018-06-09 15:35:43;AC  0241    V
2018-06-09 15:35:53;AC  0240    V
2018-06-09 15:36:03;AC  0240    V
2018-06-09 15:36:14;AC  0241    V
2018-06-09 15:36:24;AC  0239    V
2018-06-09 15:36:34;AC  0241    V
2018-06-09 15:36:45;AC  0240    V
2018-06-09 15:36:55;AC  0240    V
2018-06-09 15:37:05;AC  0240    V
2018-06-09 15:37:15;AC  0240    V
2018-06-09 15:37:26;AC  0240    V
2018-06-09 15:37:36;AC  0240    V
2018-06-09 15:37:46;AC  0240    V
2018-06-09 15:37:57;AC  0240    V
2018-06-09 15:38:07;AC  0240    V
2018-06-09 15:38:17;AC  0241    V
2018-06-09 15:38:28;AC  0240    V
2018-06-09 15:38:38;AC  0241    V
2018-06-09 15:38:48;AC  0241    V
2018-06-09 15:38:58;AC  0241    V
2018-06-09 15:39:09;AC  0241    V
2018-06-09 15:39:19;AC  0241    V
2018-06-09 15:39:29;AC  0241    V
2018-06-09 15:39:39;AC  0241    V
2018-06-09 15:39:50;AC  0240    V
2018-06-09 15:40:00;AC  0240    V
2018-06-09 15:40:10;AC  0241    V
2018-06-09 15:40:20;AC  0241    V
2018-06-09 15:40:31;AC  0240    V
2018-06-09 15:40:41;AC  0240    V
2018-06-09 15:40:51;AC  0240    V
2018-06-09 15:41:02;AC  0240    V
2018-06-09 15:41:12;AC  0240    V
2018-06-09 15:41:22;AC  0240    V
2018-06-09 15:41:32;AC  0240    V
2018-06-09 15:41:43;AC  0240    V
2018-06-09 15:41:53;AC  0240    V
2018-06-09 15:42:03;AC  0240    V
2018-06-09 15:42:13;AC  0241    V
2018-06-09 15:42:24;AC  0241    V
2018-06-09 15:42:34;AC  0241    V
2018-06-09 15:42:44;AC  0241    V
2018-06-09 15:42:55;AC  0241    V
2018-06-09 15:43:05;AC  0241    V
2018-06-09 15:43:15;AC  0241    V
2018-06-09 15:43:25;AC  0241    V
2018-06-09 15:43:36;AC  0240    V
2018-06-09 15:43:46;AC  0240    V
2018-06-09 15:43:56;AC  0241    V
2018-06-09 15:44:06;AC  0240    V
2018-06-09 15:44:17;AC  0240    V
2018-06-09 15:44:27;AC  0240    V
2018-06-09 15:44:37;AC  0241    V
2018-06-09 15:44:47;AC  0241    V
2018-06-09 15:44:58;AC  0240    V
2018-06-09 15:45:08;AC  0241    V
2018-06-09 15:45:18;AC  0241    V
2018-06-09 15:45:29;AC  0240    V
2018-06-09 15:45:39;AC  0240    V
2018-06-09 15:45:49;AC  0240    V
2018-06-09 15:45:59;AC  0240    V
2018-06-09 15:46:10;AC  0241    V
2018-06-09 15:46:20;AC  0241    V
2018-06-09 15:46:30;AC  0240    V
2018-06-09 15:46:40;AC  0240    V
2018-06-09 15:46:51;AC  0241    V
2018-06-09 15:47:01;AC  0241    V
2018-06-09 15:47:12;AC  0241    V
2018-06-09 15:47:22;AC  0241    V
2018-06-09 15:47:32;AC  0241    V
2018-06-09 15:47:43;AC  0241    V
2018-06-09 15:47:53;AC  0241    V
2018-06-09 15:48:03;AC  0241    V
2018-06-09 15:48:14;AC  0241    V
2018-06-09 15:48:24;AC  0241    V
2018-06-09 15:48:34;AC  0241    V
2018-06-09 15:48:45;AC  0241    V
2018-06-09 15:48:55;AC  0241    V
2018-06-09 15:49:05;AC  0241    V
2018-06-09 15:49:16;AC  0241    V
2018-06-09 15:49:26;AC  0241    V
2018-06-09 15:49:36;AC  0241    V
2018-06-09 15:49:46;AC  0241    V
2018-06-09 15:49:57;AC  0241    V
2018-06-09 15:50:07;AC  0240    V
2018-06-09 15:50:17;AC  0240    V
2018-06-09 15:50:27;AC  0241    V
2018-06-09 15:50:38;AC  0241    V
2018-06-09 15:50:48;AC  0240    V
2018-06-09 15:50:58;AC  0241    V
2018-06-09 15:51:09;AC  0241    V
2018-06-09 15:51:19;AC  0240    V
2018-06-09 15:51:29;AC  0240    V
2018-06-09 15:51:40;AC  0240    V
2018-06-09 15:51:50;AC  0240    V
2018-06-09 15:52:00;AC  0240    V
2018-06-09 15:52:11;AC  0240    V
2018-06-09 15:52:21;AC  0240    V
2018-06-09 15:52:31;AC  0240    V
2018-06-09 15:52:42;AC  0241    V
2018-06-09 15:52:52;AC  0240    V
2018-06-09 15:53:02;AC  0241    V
2018-06-09 15:53:13;AC  0240    V
2018-06-09 15:53:23;AC  0240    V
2018-06-09 15:53:33;AC  0240    V
2018-06-09 15:53:44;AC  0241    V
2018-06-09 15:53:54;AC  0240    V
2018-06-09 15:54:04;AC  0240    V
2018-06-09 15:54:14;AC  0240    V
2018-06-09 15:54:25;AC  0240    V
2018-06-09 15:54:35;AC  0240    V
2018-06-09 15:54:45;AC  0239    V
2018-06-09 15:54:55;AC  0241    V
2018-06-09 15:55:06;AC  0240    V
2018-06-09 15:55:16;AC  0240    V
2018-06-09 15:55:26;AC  0241    V
2018-06-09 15:55:36;AC  0241    V
2018-06-09 15:55:47;AC  0241    V
2018-06-09 15:55:57;AC  0241    V
2018-06-09 15:56:07;AC  0240    V
2018-06-09 15:56:18;AC  0241    V
2018-06-09 15:56:28;AC  0240    V
2018-06-09 15:56:38;AC  0240    V
2018-06-09 15:56:48;AC  0241    V
2018-06-09 15:56:59;AC  0241    V
2018-06-09 15:57:09;AC  0241    V
2018-06-09 15:57:19;AC  0240    V
2018-06-09 15:57:29;AC  0240    V
2018-06-09 15:57:40;AC  0241    V
2018-06-09 15:57:50;AC  0241    V
2018-06-09 15:58:00;AC  0241    V
2018-06-09 15:58:11;AC  0241    V
2018-06-09 15:58:21;AC  0241    V
2018-06-09 15:58:31;AC  0240    V
2018-06-09 15:58:41;AC  0240    V
2018-06-09 15:58:52;AC  0241    V
2018-06-09 15:59:02;AC  0241    V
2018-06-09 15:59:12;AC  0241    V
2018-06-09 15:59:22;AC  0240    V
2018-06-09 15:59:33;AC  0241    V
2018-06-09 15:59:43;AC  0241    V
2018-06-09 15:59:53;AC  0241    V
2018-06-09 16:00:04;AC  0241    V
2018-06-09 16:00:14;AC  0240    V
2018-06-09 16:00:24;AC  0240    V
2018-06-09 16:00:34;AC  0241    V
2018-06-09 16:00:45;AC  0241    V
2018-06-09 16:00:55;AC  0241    V
2018-06-09 16:01:05;AC  0241    V
2018-06-09 16:01:15;AC  0241    V
2018-06-09 16:01:26;AC  0241    V
2018-06-09 16:01:36;AC  0241    V
2018-06-09 16:01:46;AC  0241    V
2018-06-09 16:01:56;AC  0241    V
2018-06-09 16:02:07;AC  0241    V
2018-06-09 16:02:17;AC  0241    V
2018-06-09 16:02:27;AC  0241    V
2018-06-09 16:02:37;AC  0241    V
2018-06-09 16:02:48;AC  0241    V
2018-06-09 16:02:58;AC  0241    V
2018-06-09 16:03:08;AC  0241    V
2018-06-09 16:03:19;AC  0241    V
2018-06-09 16:03:29;AC  0241    V
2018-06-09 16:03:39;AC  0241    V
2018-06-09 16:03:49;AC  0241    V
2018-06-09 16:04:00;AC  0241    V
2018-06-09 16:04:10;AC  0241    V
2018-06-09 16:04:20;AC  0240    V
2018-06-09 16:04:31;AC  0241    V
2018-06-09 16:04:41;AC  0241    V
2018-06-09 16:04:51;AC  0241    V
2018-06-09 16:05:01;AC  0241    V
2018-06-09 16:05:12;AC  0241    V
2018-06-09 16:05:22;AC  0241    V
2018-06-09 16:05:32;AC  0241    V
2018-06-09 16:05:42;AC  0240    V
2018-06-09 16:05:53;AC  0240    V
2018-06-09 16:06:03;AC  0241    V
2018-06-09 16:06:13;AC  0240    V
2018-06-09 16:06:23;AC  0241    V
2018-06-09 16:06:34;AC  0240    V
2018-06-09 16:06:44;AC  0241    V
2018-06-09 16:06:54;AC  0240    V
2018-06-09 16:07:05;AC  0240    V
2018-06-09 16:07:15;AC  0241    V
2018-06-09 16:07:25;AC  0240    V
2018-06-09 16:07:35;AC  0240    V
2018-06-09 16:07:46;AC  0240    V
2018-06-09 16:07:56;AC  0240    V
2018-06-09 16:08:06;AC  0240    V
2018-06-09 16:08:17;AC  0240    V
2018-06-09 16:08:27;AC  0241    V
2018-06-09 16:08:37;AC  0240    V
2018-06-09 16:08:47;AC  0241    V
2018-06-09 16:08:58;AC  0241    V
2018-06-09 16:09:08;AC  0241    V
2018-06-09 16:09:18;AC  0241    V
2018-06-09 16:09:28;AC  0241    V
2018-06-09 16:09:39;AC  0240    V
2018-06-09 16:09:49;AC  0241    V
2018-06-09 16:09:59;AC  0241    V
2018-06-09 16:10:10;AC  0241    V
2018-06-09 16:10:20;AC  0241    V
2018-06-09 16:10:30;AC  0240    V
2018-06-09 16:10:41;AC  0240    V
2018-06-09 16:10:51;AC  0241    V
2018-06-09 16:11:01;AC  0241    V
2018-06-09 16:11:11;AC  0241    V
2018-06-09 16:11:22;AC  0241    V
2018-06-09 16:11:32;AC  0240    V
2018-06-09 16:11:42;AC  0240    V
2018-06-09 16:11:53;AC  0240    V
2018-06-09 16:12:03;AC  0241    V
2018-06-09 16:12:13;AC  0240    V
2018-06-09 16:12:24;AC  0241    V
2018-06-09 16:12:34;AC  0240    V
2018-06-09 16:12:44;AC  0241    V
2018-06-09 16:12:54;AC  0240    V
2018-06-09 16:13:05;AC  0240    V
2018-06-09 16:13:15;AC  0241    V
2018-06-09 16:13:25;AC  0241    V
2018-06-09 16:13:36;AC  0240    V
2018-06-09 16:13:46;AC  0240    V
2018-06-09 16:13:56;AC  0240    V
2018-06-09 16:14:07;AC  0241    V
2018-06-09 16:14:17;AC  0241    V
2018-06-09 16:14:27;AC  0241    V
2018-06-09 16:14:37;AC  0241    V
2018-06-09 16:14:48;AC  0241    V
2018-06-09 16:14:58;AC  0241    V
2018-06-09 16:15:08;AC  0241    V
2018-06-09 16:15:19;AC  0241    V
2018-06-09 16:15:29;AC  0241    V
2018-06-09 16:15:39;AC  0241    V
2018-06-09 16:15:50;AC  0240    V
2018-06-09 16:16:00;AC  0241    V
2018-06-09 16:16:10;AC  0241    V
2018-06-09 16:16:20;AC  0241    V
2018-06-09 16:16:31;AC  0241    V
2018-06-09 16:16:41;AC  0241    V
2018-06-09 16:16:51;AC  0241    V
2018-06-09 16:17:01;AC  0240    V
2018-06-09 16:17:12;AC  0241    V
2018-06-09 16:17:22;AC  0241    V
2018-06-09 16:17:32;AC  0241    V
2018-06-09 16:17:43;AC  0240    V
2018-06-09 16:17:53;AC  0241    V
2018-06-09 16:18:03;AC  0241    V
2018-06-09 16:18:13;AC  0241    V
2018-06-09 16:18:24;AC  0241    V
2018-06-09 16:18:34;AC  0241    V
2018-06-09 16:18:44;AC  0241    V
2018-06-09 16:18:54;AC  0241    V
2018-06-09 16:19:05;AC  0241    V
2018-06-09 16:19:15;AC  0241    V
2018-06-09 16:19:25;AC  0240    V
2018-06-09 16:19:35;AC  0240    V
2018-06-09 16:19:46;AC  0240    V
2018-06-09 16:19:56;AC  0240    V
2018-06-09 16:20:06;AC  0241    V
2018-06-09 16:20:17;AC  0240    V
2018-06-09 16:20:27;AC  0240    V
2018-06-09 16:20:37;AC  0240    V
2018-06-09 16:20:47;AC  0240    V
2018-06-09 16:20:58;AC  0240    V
2018-06-09 16:21:08;AC  0240    V
2018-06-09 16:21:18;AC  0240    V
2018-06-09 16:21:28;AC  0241    V
2018-06-09 16:21:39;AC  0241    V
2018-06-09 16:21:49;AC  0241    V
2018-06-09 16:21:59;AC  0241    V
2018-06-09 16:22:09;AC  0241    V
2018-06-09 16:22:20;AC  0241    V
2018-06-09 16:22:30;AC  0241    V
2018-06-09 16:22:40;AC  0240    V
2018-06-09 16:22:51;AC  0241    V
2018-06-09 16:23:01;AC  0241    V
2018-06-09 16:23:11;AC  0241    V
2018-06-09 16:23:21;AC  0241    V
2018-06-09 16:23:32;AC  0241    V
2018-06-09 16:23:42;AC  0240    V
2018-06-09 16:23:52;AC  0241    V
2018-06-09 16:24:03;AC  0241    V
2018-06-09 16:24:13;AC  0241    V
2018-06-09 16:24:23;AC  0241    V
2018-06-09 16:24:33;AC  0241    V
2018-06-09 16:24:44;AC  0241    V
2018-06-09 16:24:54;AC  0241    V
2018-06-09 16:25:04;AC  0241    V
2018-06-09 16:25:14;AC  0241    V
2018-06-09 16:25:25;AC  0241    V
2018-06-09 16:25:35;AC  0240    V
2018-06-09 16:25:45;AC  0241    V
2018-06-09 16:25:56;AC  0296   
2018-06-09 16:26:06; V
2018-06-09 16:26:16;AC  0275
2018-06-09 16:26:26;    V
2018-06-09 16:26:36;AC 0325 
2018-06-09 16:26:46;   V
2018-06-09 16:26:56;AC  0240    V
2018-06-09 16:27:06;AC  0241    V
2018-06-09 16:27:16;AC  0240    V
2018-06-09 16:27:26;AC  0241    V
2018-06-09 16:27:36;AC  0241    V
2018-06-09 16:27:46;AC  0241    V
2018-06-09 16:27:56;AC  0241    V
2018-06-09 16:28:06;AC  0241    V
2018-06-09 16:28:16;AC  0241    V
2018-06-09 16:28:26;AC  0241    V
2018-06-09 16:28:36;AC  0241    V
2018-06-09 16:28:46;AC  0241    V
2018-06-09 16:28:56;AC  0241    V
2018-06-09 16:29:06;AC  0241    V
2018-06-09 16:29:16;AC  0241    V
2018-06-09 16:29:26;AC  0241    V
2018-06-09 16:29:36;AC  0241    V
2018-06-09 16:29:46;AC  0241    V
2018-06-09 16:29:56;AC  0241    V
2018-06-09 16:30:06;AC  0241    V
2018-06-09 16:30:16;AC  0241    V
2018-06-09 16:30:26;AC  0241    V
2018-06-09 16:30:36;AC  0241    V
2018-06-09 16:30:46;AC  0241    V
2018-06-09 16:30:56;AC  0241    V
2018-06-09 16:31:06;AC  0241    V
2018-06-09 16:31:16;AC  0241    V
2018-06-09 16:31:26;AC  0241    V
2018-06-09 16:31:36;AC  0241    V
2018-06-09 16:31:46;AC  0241    V
2018-06-09 16:31:56;AC  0240    V
2018-06-09 16:32:06;AC  0240    V
2018-06-09 16:32:16;AC  0241    V
2018-06-09 16:32:26;AC  0241    V
2018-06-09 16:32:36;AC  0241    V
2018-06-09 16:32:46;AC  0241    V
2018-06-09 16:32:56;AC  0241    V
2018-06-09 16:33:06;AC  0241    V
2018-06-09 16:33:16;AC  0241    V
2018-06-09 16:33:26;AC  0241    V
2018-06-09 16:33:36;AC  0241    V
2018-06-09 16:33:46;AC  0241    V
2018-06-09 16:33:56;AC  0241    V
2018-06-09 16:34:06;AC  0241    V
2018-06-09 16:34:16;AC  0241    V
2018-06-09 16:34:26;AC  0241    V
2018-06-09 16:34:36;AC  0241    V
2018-06-09 16:34:46;AC  0241    V
2018-06-09 16:34:56;AC  0241    V
2018-06-09 16:35:06;AC  0241    V
2018-06-09 16:35:16;AC  0241    V
2018-06-09 16:35:26;AC  0241    V
2018-06-09 16:35:36;AC  0241    V
2018-06-09 16:35:46;AC  0241    V
2018-06-09 16:35:56;AC  0240    V
2018-06-09 16:36:06;AC  0240    V
2018-06-09 16:36:16;AC  0240    V
2018-06-09 16:36:26;AC  0240    V
2018-06-09 16:36:36;AC  0241    V
2018-06-09 16:36:46;AC  0241    V
2018-06-09 16:36:56;AC  0241    V
2018-06-09 16:37:06;AC  0241    V
2018-06-09 16:37:16;AC  0241    V
2018-06-09 16:37:26;AC  0241    V
2018-06-09 16:37:36;AC  0241    V
2018-06-09 16:37:46;AC  0241    V
2018-06-09 16:37:56;AC  0240    V
2018-06-09 16:38:06;AC  0241    V
2018-06-09 16:38:16;AC  0240    V
2018-06-09 16:38:26;AC  0240    V
2018-06-09 16:38:36;AC  0240    V
2018-06-09 16:38:46;AC  0241    V
2018-06-09 16:38:56;AC  0240    V
2018-06-09 16:39:06;AC  0241    V
2018-06-09 16:39:16;AC  0241    V
2018-06-09 16:39:26;AC  0240    V
2018-06-09 16:39:36;AC  0241    V
2018-06-09 16:39:46;AC  0241    V
2018-06-09 16:39:56;AC  0241    V
2018-06-09 16:40:06;AC  0240    V
2018-06-09 16:40:16;AC  0240    V
2018-06-09 16:40:26;AC  0240    V
2018-06-09 16:40:36;AC  0240    V
2018-06-09 16:40:46;AC  0240    V
2018-06-09 16:40:56;AC  0240    V
2018-06-09 16:41:06;AC  0240    V
2018-06-09 16:41:16;AC  0240    V
2018-06-09 16:41:26;AC  0239    V
2018-06-09 16:41:36;AC  0240    V
2018-06-09 16:41:46;AC  0241    V
2018-06-09 16:41:56;AC  0240    V
2018-06-09 16:42:06;AC  0240    V
2018-06-09 16:42:16;AC  0240    V
2018-06-09 16:42:26;AC  0240    V
2018-06-09 16:42:36;AC  0239    V
2018-06-09 16:42:46;AC  0240    V
2018-06-09 16:42:56;AC  0241    V
2018-06-09 16:43:06;AC  0240    V
2018-06-09 16:43:16;AC  0240    V
2018-06-09 16:43:26;AC  0241    V
2018-06-09 16:43:36;AC  0240    V
2018-06-09 16:43:46;AC  0240    V
2018-06-09 16:43:56;AC  0240    V
2018-06-09 16:44:06;AC  0240    V
2018-06-09 16:44:16;AC  0240    V
2018-06-09 16:44:26;AC  0240    V
2018-06-09 16:44:36;AC  0240    V
2018-06-09 16:44:46;AC  0240    V
2018-06-09 16:44:56;AC  0240    V
2018-06-09 16:45:06;AC  0240    V
2018-06-09 16:45:16;AC  0240    V
2018-06-09 16:45:26;AC  0240    V
2018-06-09 16:45:36;AC  0240    V
2018-06-09 16:45:46;AC  0240    V
2018-06-09 16:45:56;AC  0240    V
2018-06-09 16:46:06;AC  0240    V
2018-06-09 16:46:16;AC  0241    V
2018-06-09 16:46:26;AC  0240    V
2018-06-09 16:46:36;AC  0240    V
2018-06-09 16:46:46;AC  0240    V
2018-06-09 16:46:56;AC  0240    V
2018-06-09 16:47:06;AC  0240    V
2018-06-09 16:47:16;AC  0240    V
2018-06-09 16:47:26;AC  0240    V
2018-06-09 16:47:36;AC  0241    V
2018-06-09 16:47:46;AC  0241    V
2018-06-09 16:47:56;AC  0241    V
2018-06-09 16:48:06;AC  0241    V
2018-06-09 16:48:16;AC  0241    V
2018-06-09 16:48:26;AC  0241    V
2018-06-09 16:48:36;AC  0241    V
2018-06-09 16:48:46;AC  0241    V
2018-06-09 16:48:56;AC  0241    V
2018-06-09 16:49:06;AC  0241    V
2018-06-09 16:49:16;AC  0241    V
2018-06-09 16:49:26;AC  0241    V
2018-06-09 16:49:36;AC  0241    V
2018-06-09 16:49:46;AC  0241    V
2018-06-09 16:49:56;AC  0241    V
2018-06-09 16:50:06;AC  0241    V
2018-06-09 16:50:16;AC  0241    V
2018-06-09 16:50:26;AC  0241    V
2018-06-09 16:50:36;AC  0241    V
2018-06-09 16:50:46;AC  0242    V
2018-06-09 16:50:56;AC  0241    V
2018-06-09 16:51:06;AC  0241    V
2018-06-09 16:51:16;AC  0241    V
2018-06-09 16:51:26;AC  0241    V
2018-06-09 16:51:36;AC  0241    V
2018-06-09 16:51:46;AC  0241    V
2018-06-09 16:51:56;AC  0241    V
2018-06-09 16:52:06;AC  0242    V
2018-06-09 16:52:16;AC  0241    V
2018-06-09 16:52:26;AC  0241    V
2018-06-09 16:52:36;AC  0241    V
2018-06-09 16:52:46;AC  0241    V
2018-06-09 16:52:56;AC  0242    V
2018-06-09 16:53:06;AC  0242    V
2018-06-09 16:53:16;AC  0241    V
2018-06-09 16:53:26;AC  0241    V
2018-06-09 16:53:36;AC  0239    V
2018-06-09 16:53:46;AC  0241    V
2018-06-09 16:53:56;AC  0241    V
2018-06-09 16:54:06;AC  0241    V
2018-06-09 16:54:16;AC  0241    V
2018-06-09 16:54:26;AC  0241    V
2018-06-09 16:54:36;AC  0242    V
2018-06-09 16:54:46;AC  0241    V
2018-06-09 16:54:56;AC  0241    V
2018-06-09 16:55:06;AC  0241    V
2018-06-09 16:55:16;AC  0242    V
2018-06-09 16:55:26;AC  0241    V
2018-06-09 16:55:36;AC  0242    V
2018-06-09 16:55:46;AC  0241    V
2018-06-09 16:55:56;AC  0241    V
2018-06-09 16:56:06;AC  0242    V
2018-06-09 16:56:16;AC  0241    V
2018-06-09 16:56:26;AC  0241    V
2018-06-09 16:56:36;AC  0241    V
2018-06-09 16:56:46;AC  0241    V
2018-06-09 16:56:56;AC  0241    V
2018-06-09 16:57:06;AC  0241    V
2018-06-09 16:57:16;AC  0241    V
2018-06-09 16:57:26;AC  0241    V
2018-06-09 16:57:36;AC  0241    V
2018-06-09 16:57:46;AC  0241    V
2018-06-09 16:57:56;AC  0241    V
2018-06-09 16:58:06;AC  0241    V
2018-06-09 16:58:16;AC  0241    V
2018-06-09 16:58:26;AC  0241    V
2018-06-09 16:58:36;AC  0241    V
2018-06-09 16:58:46;AC  0241    V
2018-06-09 16:58:56;AC  0241    V
2018-06-09 16:59:06;AC  0241    V
2018-06-09 16:59:16;AC  0242    V
2018-06-09 16:59:26;AC  0242    V
2018-06-09 16:59:36;AC  0241    V
2018-06-09 16:59:46;AC  0241    V
2018-06-09 16:59:56;AC  0242    V
2018-06-09 17:00:06;AC  0241    V
2018-06-09 17:00:16;AC  0241    V
2018-06-09 17:00:26;AC  0241    V
2018-06-09 17:00:36;AC  0241    V
2018-06-09 17:00:46;AC  0241    V
2018-06-09 17:00:56;AC  0242    V
2018-06-09 17:01:06;AC  0241    V
2018-06-09 17:01:16;AC  0242    V
2018-06-09 17:01:26;AC  0241    V
2018-06-09 17:01:36;AC  0241    V
2018-06-09 17:01:46;AC  0241    V
2018-06-09 17:01:56;AC  0241    V
2018-06-09 17:02:06;AC  0241    V
2018-06-09 17:02:16;AC  0241    V
2018-06-09 17:02:26;AC  0242    V
2018-06-09 17:02:36;AC  0241    V
2018-06-09 17:02:46;AC  0241    V
2018-06-09 17:02:56;AC  0241    V
2018-06-09 17:03:06;AC  0241    V
2018-06-09 17:03:16;AC  0241    V
2018-06-09 17:03:26;AC  0242    V
2018-06-09 17:03:36;AC  0241    V
2018-06-09 17:03:46;AC  0241    V
2018-06-09 17:03:56;AC  0241    V
2018-06-09 17:04:06;AC  0242    V
2018-06-09 17:04:16;AC  0242    V
2018-06-09 17:04:26;AC  0242    V
2018-06-09 17:04:36;AC  0242    V
2018-06-09 17:04:46;AC  0241    V
2018-06-09 17:04:56;AC  0241    V
2018-06-09 17:05:06;AC  0241    V
2018-06-09 17:05:16;AC  0241    V
2018-06-09 17:05:26;AC  0241    V
2018-06-09 17:05:36;AC  0242    V
2018-06-09 17:05:46;AC  0241    V
2018-06-09 17:05:56;AC  0241    V
2018-06-09 17:06:06;AC  0241    V
2018-06-09 17:06:16;AC  0241    V
2018-06-09 17:06:26;AC  0241    V
2018-06-09 17:06:36;AC  0241    V
2018-06-09 17:06:46;AC  0241    V
2018-06-09 17:06:56;AC  0241    V
2018-06-09 17:07:06;AC  0241    V
2018-06-09 17:07:16;AC  0241    V
2018-06-09 17:07:26;AC  0241    V
2018-06-09 17:07:36;AC  0241    V
2018-06-09 17:07:46;AC  0241    V
2018-06-09 17:07:56;AC  0241    V
2018-06-09 17:08:06;AC  0241    V
2018-06-09 17:08:16;AC  0241    V
2018-06-09 17:08:26;AC  0241    V
2018-06-09 17:08:36;AC  0241    V
2018-06-09 17:08:46;AC  0241    V
2018-06-09 17:08:56;AC  0241    V
2018-06-09 17:09:06;AC  0241    V
2018-06-09 17:09:16;AC  0241    V
2018-06-09 17:09:26;AC  0241    V
2018-06-09 17:09:36;AC  0241    V
2018-06-09 17:09:46;AC  0241    V
2018-06-09 17:09:56;AC  0241    V
2018-06-09 17:10:06;AC  0241    V
2018-06-09 17:10:16;AC  0241    V
2018-06-09 17:10:26;AC  0241    V
2018-06-09 17:10:36;AC  0241    V
2018-06-09 17:10:46;AC  0241    V
2018-06-09 17:10:56;AC  0241    V
2018-06-09 17:11:06;AC  0241    V
2018-06-09 17:11:16;AC  0241    V
2018-06-09 17:11:26;AC  0241    V
2018-06-09 17:11:36;AC  0241    V
2018-06-09 17:11:46;AC  0242    V
2018-06-09 17:11:56;AC  0241    V
2018-06-09 17:12:06;AC  0242    V
2018-06-09 17:12:16;AC  0241    V
2018-06-09 17:12:26;AC  0242    V
2018-06-09 17:12:36;AC  0241    V
2018-06-09 17:12:46;AC  0267   V
2018-06-09 17:12:56; C  0241 
2018-06-09 17:13:06;   VAC  0242 
2018-06-09 17:13:16;   VAC  0241 
2018-06-09 17:13:26;   VAC  0241 
2018-06-09 17:13:36;   VAC  0241 
2018-06-09 17:13:46;   VAC  0242 
2018-06-09 17:13:56;   VAC
2018-06-09 17:14:06;  0278    V
2018-06-09 17:14:16;
2018-06-09 17:14:26;
2018-06-09 17:14:36;AC  0241 
2018-06-09 17:14:46;   VAC  0241 
2018-06-09 17:14:56;   VAC  0242 
2018-06-09 17:15:06;   VAC  0241 
2018-06-09 17:15:16;   VAC  0242 
2018-06-09 17:15:26;   VAC  0241 
2018-06-09 17:15:36;   VAC  0242 
2018-06-09 17:15:46;   VAC  0242 
2018-06-09 17:15:56;   VAC  0241 
2018-06-09 17:16:06;   VAC  0242 
2018-06-09 17:16:16;   VAC  0242 
2018-06-09 17:16:26;   VAC  0242 
2018-06-09 17:16:36;   VAC  0242 
2018-06-09 17:16:46;   VAC  0241 
2018-06-09 17:16:56;   VAC  0241 
2018-06-09 17:17:06;   VAC  0241 
2018-06-09 17:17:16;   VAC  0241 
2018-06-09 17:17:26;   VAC  0241 
2018-06-09 17:17:36;   VAC  0242 
2018-06-09 17:17:46;   VAC  0242 
2018-06-09 17:17:56;   VAC  0242 
2018-06-09 17:18:06;   VAC  0242 
2018-06-09 17:18:16;   VAC  0242 
2018-06-09 17:18:26;   VAC  0241 
2018-06-09 17:18:36;   VAC  0241 
2018-06-09 17:18:46;   VAC  0241 
2018-06-09 17:18:56;   VAC  0241 
2018-06-09 17:19:06;   VAC  0241 
2018-06-09 17:19:16;   VAC  0242 
2018-06-09 17:19:26;   VAC  0242 
2018-06-09 17:19:36;   VAC  0241 
2018-06-09 17:19:46;   VAC  0241 
2018-06-09 17:19:56;   VAC  0240 
2018-06-09 17:20:06;   VAC  0241 
2018-06-09 17:20:16;   VAC  0242 
2018-06-09 17:20:26;   VAC  0242 
2018-06-09 17:20:36;   VAC  0242 
2018-06-09 17:20:46;   VAC  0242 
2018-06-09 17:20:56;   VAC  0242 
2018-06-09 17:21:06;   VAC  0242 
2018-06-09 17:21:16;   VAC  0242 
2018-06-09 17:21:26;   VAC  0242 
2018-06-09 17:21:36;   VAC  0242 
2018-06-09 17:21:46;   VAC  0242 
2018-06-09 17:21:56;   VAC  0242 
2018-06-09 17:22:06;   VAC  0242 
2018-06-09 17:22:16;   VAC  0242 
2018-06-09 17:22:26;   VAC  0242 
2018-06-09 17:22:36;   VAC  0242 
2018-06-09 17:22:46;   VAC  0242 
2018-06-09 17:22:56;   VAC  0242 
2018-06-09 17:23:06;   VAC  0242 
2018-06-09 17:23:16;   VAC  0241 
2018-06-09 17:23:26;   VAC  0242 
2018-06-09 17:23:36;   VAC  0241 
2018-06-09 17:23:46;   VAC  0242 
2018-06-09 17:23:56;   VAC  0241 
2018-06-09 17:24:06;   VAC  0242 
2018-06-09 17:24:16;   VAC  0242 
2018-06-09 17:24:26;   VAC  0242 
2018-06-09 17:24:36;   VAC  0241 
2018-06-09 17:24:46;   VAC  0241 
2018-06-09 17:24:56;   VAC  0241 
2018-06-09 17:25:06;   VAC  0242 
2018-06-09 17:25:16;   VAC  0241 
2018-06-09 17:25:26;   VAC  0242 
2018-06-09 17:25:36;   VAC  0241 
2018-06-09 17:25:46;   VAC  0242 
2018-06-09 17:25:56;   VAC  0242 
2018-06-09 17:26:06;   VAC  0242 
2018-06-09 17:26:16;   VAC  0241 
2018-06-09 17:26:26;   VAC  0241 
2018-06-09 17:26:36;   VAC  0241 
2018-06-09 17:26:46;   VAC  0241 
2018-06-09 17:26:56;   VAC  0241 
2018-06-09 17:27:06;   VAC  0241 
2018-06-09 17:27:16;   VAC  0241 
2018-06-09 17:27:26;   VAC  0241 
2018-06-09 17:27:36;   VAC  0241 
2018-06-09 17:27:46;   VAC  0241 
2018-06-09 17:27:56;   VAC  0242 
2018-06-09 17:28:06;   VAC  0242 
2018-06-09 17:28:16;   VAC  0242 
2018-06-09 17:28:26;   VAC  0242 
2018-06-09 17:28:36;   VAC  0241 
2018-06-09 17:28:46;   VAC  0242 
2018-06-09 17:28:56;   VAC  0241 
2018-06-09 17:29:06;   VAC  0242 
2018-06-09 17:29:16;   VAC  0241 
2018-06-09 17:29:26;   VAC  0242 
2018-06-09 17:29:36;   VAC  0242 
2018-06-09 17:29:46;   VAC  0242 
2018-06-09 17:29:56;   VAC  0242 
2018-06-09 17:30:06;   VAC  0242 
2018-06-09 17:30:16;   VAC  0242 
2018-06-09 17:30:26;   VAC  0241 
2018-06-09 17:30:36;   VAC  0241 
2018-06-09 17:30:46;   VAC  0241 
2018-06-09 17:30:56;   VAC  0241 
2018-06-09 17:31:06;   VAC  0241 
2018-06-09 17:31:16;   VAC  0242 
2018-06-09 17:31:26;   VAC  0242 
2018-06-09 17:31:36;   VAC  0241 
2018-06-09 17:31:46;   VAC  0241 
2018-06-09 17:31:56;   VAC  0241 
2018-06-09 17:32:06;   VAC  0242 
2018-06-09 17:32:16;   VAC  0241 
2018-06-09 17:32:26;   VAC  0242 
2018-06-09 17:32:36;   VAC  0242 
2018-06-09 17:32:46;   VAC  0242 
2018-06-09 17:32:56;   VAC  0242 
2018-06-09 17:33:06;   VAC  0241 
2018-06-09 17:33:16;   VAC  0242 
2018-06-09 17:33:26;   VAC  0241 
2018-06-09 17:33:36;   VAC  0241 
2018-06-09 17:33:46;   VAC  0241 
2018-06-09 17:33:56;   VAC  0242 
2018-06-09 17:34:06;   VAC  0241 
2018-06-09 17:34:16;   VAC  0241 
2018-06-09 17:34:26;   VAC  0241 
2018-06-09 17:34:36;   VAC  0241 
2018-06-09 17:34:47;   VAC  0241 
2018-06-09 17:34:57;   VAC  0241 
2018-06-09 17:35:07;   VAC  0241 
2018-06-09 17:35:17;   VAC  0241 
2018-06-09 17:35:27;   VAC  0241 
2018-06-09 17:35:37;   VAC  0241 
2018-06-09 17:35:47;   VAC  0241 
2018-06-09 17:35:57;   VAC  0241 
2018-06-09 17:36:07;   VAC  0241 
2018-06-09 17:36:17;   VAC  0241 
2018-06-09 17:36:27;   VAC  0241 
2018-06-09 17:36:37;   VAC  0241 
2018-06-09 17:36:47;   VAC  0241 
2018-06-09 17:36:57;   VAC  0241 
2018-06-09 17:37:07;   VAC  0241 
2018-06-09 17:37:17;   VAC  0241 
2018-06-09 17:37:27;   VAC  0241 
2018-06-09 17:37:37;   VAC  0241 
2018-06-09 17:37:47;   VAC  0241 
2018-06-09 17:37:57;   VAC  0241 
2018-06-09 17:38:07;   VAC  0241 
2018-06-09 17:38:17;   VAC  0241 
2018-06-09 17:38:27;   VAC  0241 
2018-06-09 17:38:37;   VAC  0241 
2018-06-09 17:38:47;   VAC  0241 
2018-06-09 17:38:57;   VAC  0241 
2018-06-09 17:39:07;   VAC  0242 
2018-06-09 17:39:17;   VAC  0241 
2018-06-09 17:39:27;   VAC  0241 
2018-06-09 17:39:37;   VAC  0241 
2018-06-09 17:39:47;   VAC  0241 
2018-06-09 17:39:57;   VAC  0241 
2018-06-09 17:40:07;   VAC  0241 
2018-06-09 17:40:17;   VAC  0241 
2018-06-09 17:40:27;   VAC  0241 
2018-06-09 17:40:37;   VAC  0241 
2018-06-09 17:40:47;   VAC  0241 
2018-06-09 17:40:57;   VAC  0241 
2018-06-09 17:41:07;   VAC  0240 
2018-06-09 17:41:17;   VAC  0241 
2018-06-09 17:41:27;   VAC  0241 
2018-06-09 17:41:37;   VAC  0241 
2018-06-09 17:41:47;   VAC  0241 
2018-06-09 17:41:57;   VAC  0241 
2018-06-09 17:42:07;   VAC  0240 
2018-06-09 17:42:17;   VAC  0241 
2018-06-09 17:42:27;   VAC  0241 
2018-06-09 17:42:37;   VAC  0241 
2018-06-09 17:42:47;   VAC  0241 
2018-06-09 17:42:57;   VAC  0241 
2018-06-09 17:43:07;   VAC  0240 
2018-06-09 17:43:17;   VAC  0242 
2018-06-09 17:43:27;   VAC  0241 
2018-06-09 17:43:37;   VAC  0242 
2018-06-09 17:43:47;   VAC  0242 
2018-06-09 17:43:57;   VAC  0242 
2018-06-09 17:44:07;   VAC  0242 
2018-06-09 17:44:17;   VAC  0242 
2018-06-09 17:44:27;   VAC  0242 
2018-06-09 17:44:37;   VAC  0241 
2018-06-09 17:44:47;   VAC  0241 
2018-06-09 17:44:57;   VAC  0241 
2018-06-09 17:45:07;   VAC  0241 
2018-06-09 17:45:17;   VAC  0241 
2018-06-09 17:45:27;   VAC  0240 
2018-06-09 17:45:37;   VAC  0241 
2018-06-09 17:45:47;   VAC  0241 
2018-06-09 17:45:57;   VAC  0241 
2018-06-09 17:46:07;   VAC  0241 
2018-06-09 17:46:17;   VAC  0241 
2018-06-09 17:46:27;   VAC  0241 
2018-06-09 17:46:37;   VAC  0240 
2018-06-09 17:46:47;   VAC  0241 
2018-06-09 17:46:57;   VAC  0241 
2018-06-09 17:47:07;   VAC  0241 
2018-06-09 17:47:17;   VAC  0241 
2018-06-09 17:47:27;   VAC  0241 
2018-06-09 17:47:37;   VAC  0241 
2018-06-09 17:47:47;   VAC  0240 
2018-06-09 17:47:57;   VAC  0241 
2018-06-09 17:48:07;   VAC  0241 
2018-06-09 17:48:17;   VAC  0241 
2018-06-09 17:48:27;   VAC  0240 
2018-06-09 17:48:37;   VAC  0241 
2018-06-09 17:48:47;   VAC  0241 
2018-06-09 17:48:57;   VAC  0241 
2018-06-09 17:49:07;   VAC  0241 
2018-06-09 17:49:17;   VAC  0240 
2018-06-09 17:49:27;   VAC  0240 
2018-06-09 17:49:37;   VAC  0241 
2018-06-09 17:49:47;   VAC  0241 
2018-06-09 17:49:57;   VAC  0240 
2018-06-09 17:50:07;   VAC  0241 
2018-06-09 17:50:17;   VAC  0241 
2018-06-09 17:50:27;   VAC  0241 
2018-06-09 17:50:37;   VAC  0241 
2018-06-09 17:50:47;   VAC  0241 
2018-06-09 17:50:57;   VAC  0241 
2018-06-09 17:51:07;   VAC  0241 
2018-06-09 17:51:17;   VAC  0241 
2018-06-09 17:51:27;   VAC  0241 
2018-06-09 17:51:37;   VAC  0241 
2018-06-09 17:51:47;   VAC  0241 
2018-06-09 17:51:57;   VAC  0241 
2018-06-09 17:52:07;   VAC  0241 
2018-06-09 17:52:17;   VAC  0241 
2018-06-09 17:52:27;   VAC  0241 
2018-06-09 17:52:37;   VAC  0241 
2018-06-09 17:52:47;   VAC  0241 
2018-06-09 17:52:57;   VAC  0241 
2018-06-09 17:53:07;   VAC  0241 
2018-06-09 17:53:17;   VAC  0241 
2018-06-09 17:53:27;   VAC  0241 
2018-06-09 17:53:37;   VAC  0241 
2018-06-09 17:53:47;   VAC  0241 
2018-06-09 17:53:57;   VAC  0241 
2018-06-09 17:54:07;   VAC  0241 
2018-06-09 17:54:17;   VAC  0241 
2018-06-09 17:54:27;   VAC  0241 
2018-06-09 17:54:37;   VAC  0241 
2018-06-09 17:54:47;   VAC  0241 
2018-06-09 17:54:57;   VAC  0241 
2018-06-09 17:55:07;   VAC  0241 
2018-06-09 17:55:17;   VAC  0241 
2018-06-09 17:55:27;   VAC  0241 
2018-06-09 17:55:37;   VAC  0241 
2018-06-09 17:55:47;   VAC  0241 
2018-06-09 17:55:57;   VAC  0241 
2018-06-09 17:56:07;   VAC  0241 
2018-06-09 17:56:17;   VAC  0241 
2018-06-09 17:56:27;   VAC  0240 
2018-06-09 17:56:37;   VAC  0241 
2018-06-09 17:56:47;   VAC  0241 
2018-06-09 17:56:57;   VAC  0241 
2018-06-09 17:57:07;   VAC  0241 
2018-06-09 17:57:17;   VAC  0241 
2018-06-09 17:57:27;   VAC  0241 
2018-06-09 17:57:37;   VAC  0241 
2018-06-09 17:57:47;   VAC  0241 
2018-06-09 17:57:57;   VAC  0241 
2018-06-09 17:58:07;   VAC  0241 
2018-06-09 17:58:17;   VAC  0241 
2018-06-09 17:58:27;   VAC  0241 
2018-06-09 17:58:37;   VAC  0241 
2018-06-09 17:58:47;   VAC  0241 
2018-06-09 17:58:57;   VAC  0240 
2018-06-09 17:59:07;   VAC  0240 
2018-06-09 17:59:17;   VAC  0241 
2018-06-09 17:59:27;   VAC  0241 
2018-06-09 17:59:37;   VAC  0241 
2018-06-09 17:59:47;   VAC  0241 
2018-06-09 17:59:57;   VAC  0241 
2018-06-09 18:00:07;   VAC  0240 
2018-06-09 18:00:17;   VAC  0241 
2018-06-09 18:00:27;   VAC  0241 
2018-06-09 18:00:37;   VAC  0240 
2018-06-09 18:00:47;   VAC  0241 
2018-06-09 18:00:57;   VAC  0241 
2018-06-09 18:01:07;   VAC  0241 
2018-06-09 18:01:17;   VAC  0240 
2018-06-09 18:01:27;   VAC  0240 
2018-06-09 18:01:37;   VAC  0241 
2018-06-09 18:01:47;   VAC  0241 
2018-06-09 18:01:57;   VAC  0241 
2018-06-09 18:02:07;   VAC  0241 
2018-06-09 18:02:17;   VAC  0241 
2018-06-09 18:02:27;   VAC  0241 
2018-06-09 18:02:37;   VAC  0241 
2018-06-09 18:02:47;   VAC  0241 
2018-06-09 18:02:57;   VAC  0241 
2018-06-09 18:03:07;   VAC  0240 
2018-06-09 18:03:17;   VAC  0240 
2018-06-09 18:03:27;   VAC  0240 
2018-06-09 18:03:37;   VAC  0241 
2018-06-09 18:03:47;   VAC  0241 
2018-06-09 18:03:57;   VAC  0241 
2018-06-09 18:04:07;   VAC  0240 
2018-06-09 18:04:17;   VAC  0241 
2018-06-09 18:04:27;   VAC  0241 
2018-06-09 18:04:37;   VAC  0241 
2018-06-09 18:04:47;   VAC  0241 
2018-06-09 18:04:57;   VAC  0241 
2018-06-09 18:05:07;   VAC  0240 
2018-06-09 18:05:17;   VAC  0240 
2018-06-09 18:05:27;   VAC  0241 
2018-06-09 18:05:37;   VAC  0241 
2018-06-09 18:05:47;   VAC  0240 
2018-06-09 18:05:57;   VAC  0241 
2018-06-09 18:06:07;   VAC  0241 
2018-06-09 18:06:17;   VAC  0240 
2018-06-09 18:06:27;   VAC  0240 
2018-06-09 18:06:37;   VAC  0240 
2018-06-09 18:06:47;   VAC  0241 
2018-06-09 18:06:57;   VAC  0240 
2018-06-09 18:07:07;   VAC  0241 
2018-06-09 18:07:17;   VAC  0241 
2018-06-09 18:07:27;   VAC  0240 
2018-06-09 18:07:37;   VAC  0241 
2018-06-09 18:07:47;   VAC  0241 
2018-06-09 18:07:57;   VAC  0241 
2018-06-09 18:08:07;   VAC  0241 
2018-06-09 18:08:17;   VAC  0240 
2018-06-09 18:08:27;   VAC  0240 
2018-06-09 18:08:37;   VAC  0240 
2018-06-09 18:08:47;   VAC  0240 
2018-06-09 18:08:57;   VAC  0241 
2018-06-09 18:09:07;   VAC  0241 
2018-06-09 18:09:17;   VAC  0241 
2018-06-09 18:09:27;   VAC  0241 
2018-06-09 18:09:37;   VAC  0241 
2018-06-09 18:09:47;   VAC  0241 
2018-06-09 18:09:57;   VAC  0241 
2018-06-09 18:10:07;   VAC  0241 
2018-06-09 18:10:17;   VAC  0241 
2018-06-09 18:10:27;   VAC  0241 
2018-06-09 18:10:37;   VAC  0241 
2018-06-09 18:10:47;   VAC  0241 
2018-06-09 18:10:57;   VAC  0241 
2018-06-09 18:11:07;   VAC  0241 
2018-06-09 18:11:17;   VAC  0241 
2018-06-09 18:11:27;   VAC  0241 
2018-06-09 18:11:37;   VAC  0240 
2018-06-09 18:11:47;   VAC  0241 
2018-06-09 18:11:57;   VAC  0241 
2018-06-09 18:12:07;   VAC  0241 
2018-06-09 18:12:17;   VAC  0241 
2018-06-09 18:12:27;   VAC  0241 
2018-06-09 18:12:37;   VAC  0241 
2018-06-09 18:12:47;   VAC  0241 
2018-06-09 18:12:57;   VAC  0241 
2018-06-09 18:13:07;   VAC  0241 
2018-06-09 18:13:17;   VAC  0241 
2018-06-09 18:13:27;   VAC  0241 
2018-06-09 18:13:37;   VAC  0241 
2018-06-09 18:13:47;   VAC  0241 
2018-06-09 18:13:57;   VAC  0241 
2018-06-09 18:14:07;   VAC  0241 
2018-06-09 18:14:17;   VAC  0241 
2018-06-09 18:14:27;   VAC  0241 
2018-06-09 18:14:37;   VAC  0241 
2018-06-09 18:14:47;   VAC  0241 
2018-06-09 18:14:57;   VAC  0241 
2018-06-09 18:15:07;   VAC  0241 
2018-06-09 18:15:17;   VAC  0241 
2018-06-09 18:15:27;   VAC  0241 
2018-06-09 18:15:37;   VAC  0241 
2018-06-09 18:15:47;   VAC  0241 
2018-06-09 18:15:57;   VAC  0241 
2018-06-09 18:16:07;   VAC  0241 
2018-06-09 18:16:17;   VAC  0241 
2018-06-09 18:16:27;   VAC  0241 
2018-06-09 18:16:37;   VAC  0241 
2018-06-09 18:16:47;   VAC  0241 
2018-06-09 18:16:57;   VAC  0241 
2018-06-09 18:17:07;   VAC  0241 
2018-06-09 18:17:17;   VAC  0241 
2018-06-09 18:17:27;   VAC  0241 
2018-06-09 18:17:37;   VAC  0241 
2018-06-09 18:17:47;   VAC  0241 
2018-06-09 18:17:57;   VAC  0240 
2018-06-09 18:18:07;   VAC  0241 
2018-06-09 18:18:17;   VAC  0240 
2018-06-09 18:18:27;   VAC  0241 
2018-06-09 18:18:37;   VAC  0241 
2018-06-09 18:18:47;   VAC  0241 
2018-06-09 18:18:57;   VAC  0241 
2018-06-09 18:19:07;   VAC  0241 
2018-06-09 18:19:17;   VAC  0241 
2018-06-09 18:19:27;   VAC  0241 
2018-06-09 18:19:37;   VAC  0241 
2018-06-09 18:19:47;   VAC  0241 
2018-06-09 18:19:57;   VAC  0241 
2018-06-09 18:20:07;   VAC  0241 
2018-06-09 18:20:17;   VAC  0241 
2018-06-09 18:20:27;   VAC  0241 
2018-06-09 18:20:37;   VAC  0241 
2018-06-09 18:20:47;   VAC  0240 
2018-06-09 18:20:57;   VAC  0241 
2018-06-09 18:21:07;   VAC  0241 
2018-06-09 18:21:17;   VAC  0241 
2018-06-09 18:21:27;   VAC  0241 
2018-06-09 18:21:37;   VAC  0241 
2018-06-09 18:21:47;   VAC  0241 
2018-06-09 18:21:57;   VAC  0241 
2018-06-09 18:22:07;   VAC  0241 
2018-06-09 18:22:17;   VAC  0241 
2018-06-09 18:22:27;   VAC  0241 
2018-06-09 18:22:37;   VAC  0241 
2018-06-09 18:22:47;   VAC  0241 
2018-06-09 18:22:57;   VAC  0241 
2018-06-09 18:23:07;   VAC  0241 
2018-06-09 18:23:17;   VAC  0241 
2018-06-09 18:23:27;   VAC  0241 
2018-06-09 18:23:37;   VAC  0241 
2018-06-09 18:23:47;   VAC  0241 
2018-06-09 18:23:57;   VAC  0241 
2018-06-09 18:24:07;   VAC  0241 
2018-06-09 18:24:17;   VAC  0241 
2018-06-09 18:24:27;   VAC  0241 
2018-06-09 18:24:37;   VAC  0241 
2018-06-09 18:24:47;   VAC  0241 
2018-06-09 18:24:57;   VAC  0241 
2018-06-09 18:25:07;   VAC  0241 
2018-06-09 18:25:17;   VAC  0241 
2018-06-09 18:25:27;   VAC  0241 
2018-06-09 18:25:37;   VAC  0241 
2018-06-09 18:25:47;   VAC  0241 
2018-06-09 18:25:57;   VAC  0241 
2018-06-09 18:26:07;   VAC  0241 
2018-06-09 18:26:17;   VAC  0241 
2018-06-09 18:26:27;   VAC  0241 
2018-06-09 18:26:37;   VAC  0240 
2018-06-09 18:26:47;   VAC  0241 
2018-06-09 18:26:57;   VAC  0241 
2018-06-09 18:27:07;   VAC  0241 
2018-06-09 18:27:17;   VAC  0241 
2018-06-09 18:27:27;   VAC  0240 
2018-06-09 18:27:37;   VAC  0241 
2018-06-09 18:27:47;   VAC  0241 
2018-06-09 18:27:57;   VAC  0241 
2018-06-09 18:28:07;   VAC  0241 
2018-06-09 18:28:17;   VAC  0240 
2018-06-09 18:28:27;   VAC  0241 
2018-06-09 18:28:37;   VAC  0241 
2018-06-09 18:28:47;   VAC  0241 
2018-06-09 18:28:57;   VAC  0241 
2018-06-09 18:29:07;   VAC  0240 
2018-06-09 18:29:17;   VAC  0241 
2018-06-09 18:29:27;   VAC  0241 
2018-06-09 18:29:37;   VAC  0241 
2018-06-09 18:29:47;   VAC  0241 
2018-06-09 18:29:57;   VAC  0241 
2018-06-09 18:30:07;   VAC  0241 
2018-06-09 18:30:17;   VAC  0241 
2018-06-09 18:30:27;   VAC  0241 
2018-06-09 18:30:37;   VAC  0241 
2018-06-09 18:30:47;   VAC  0241 
2018-06-09 18:30:57;   VAC  0241 
2018-06-09 18:31:07;   VAC  0241 
2018-06-09 18:31:17;   VAC  0241 
2018-06-09 18:31:27;   VAC  0241 
2018-06-09 18:31:37;   VAC  0241 
2018-06-09 18:31:47;   VAC  0241 
2018-06-09 18:31:57;   VAC  0241 
2018-06-09 18:32:07;   VAC  0241 
2018-06-09 18:32:17;   VAC  0241 
2018-06-09 18:32:27;   VAC  0241 
2018-06-09 18:32:37;   VAC  0241 
2018-06-09 18:32:47;   VAC  0241 
2018-06-09 18:32:57;   VAC  0241 
2018-06-09 18:33:07;   VAC  0241 
2018-06-09 18:33:17;   VAC  0241 
2018-06-09 18:33:27;   VAC  0241 
2018-06-09 18:33:37;   VAC  0240 
2018-06-09 18:33:47;   VAC  0241 
2018-06-09 18:33:57;   VAC  0241 
2018-06-09 18:34:07;   VAC  0241 
2018-06-09 18:34:17;   VAC  0241 
2018-06-09 18:34:27;   VAC  0241 
2018-06-09 18:34:37;   VAC  0241 
2018-06-09 18:34:47;   VAC  0241 
2018-06-09 18:34:57;   VAC  0241 
2018-06-09 18:35:07;   VAC  0240 
2018-06-09 18:35:17;   VAC  0241 
2018-06-09 18:35:27;   VAC  0241 
2018-06-09 18:35:37;   VAC  0241 
2018-06-09 18:35:47;   VAC  0241 
2018-06-09 18:35:57;   VAC  0241 
2018-06-09 18:36:07;   VAC  0241 
2018-06-09 18:36:17;   VAC  0241 
2018-06-09 18:36:27;   VAC  0241 
2018-06-09 18:36:37;   VAC  0241 
2018-06-09 18:36:47;   VAC  0241 
2018-06-09 18:36:57;   VAC  0241 
2018-06-09 18:37:07;   VAC  0241 
2018-06-09 18:37:17;   VAC  0241 
2018-06-09 18:37:27;   VAC  0241 
2018-06-09 18:37:37;   VAC  0241 
2018-06-09 18:37:47;   VAC  0241 
2018-06-09 18:37:57;   VAC  0241 
2018-06-09 18:38:07;   VAC  0241 
2018-06-09 18:38:17;   VAC  0241 
2018-06-09 18:38:27;   VAC  0241 
2018-06-09 18:38:37;   VAC  0241 
2018-06-09 18:38:47;   VAC  0241 
2018-06-09 18:38:57;   VAC  0241 
2018-06-09 18:39:07;   VAC  0241 
2018-06-09 18:39:17;   VAC  0241 
2018-06-09 18:39:27;   VAC  0240 
2018-06-09 18:39:37;   VAC  0241 
2018-06-09 18:39:47;   VAC  0241 
2018-06-09 18:39:57;   VAC  0240 
2018-06-09 18:40:07;   VAC  0239 
2018-06-09 18:40:17;   VAC  0240 
2018-06-09 18:40:27;   VAC  0241 
2018-06-09 18:40:37;   VAC  0241 
2018-06-09 18:40:47;   VAC  0241 
2018-06-09 18:40:57;   VAC  0241 
2018-06-09 18:41:07;   VAC  0241 
2018-06-09 18:41:17;   VAC  0240 
2018-06-09 18:41:27;   VAC  0241 
2018-06-09 18:41:37;   VAC  0241 
2018-06-09 18:41:47;   VAC  0241 
2018-06-09 18:41:57;   VAC  0241 
2018-06-09 18:42:07;   VAC  0241 
2018-06-09 18:42:17;   VAC  0241 
2018-06-09 18:42:27;   VAC  0241 
2018-06-09 18:42:37;   VAC  0241 
2018-06-09 18:42:47;   VAC  0241 
2018-06-09 18:42:57;   VAC  0241 
2018-06-09 18:43:07;   VAC  0241 
2018-06-09 18:43:17;   VAC  0241 
2018-06-09 18:43:27;   VAC  0241 
2018-06-09 18:43:37;   VAC  0241 
2018-06-09 18:43:47;   VAC  0242 
2018-06-09 18:43:57;   VAC  0242 
2018-06-09 18:44:07;   VAC  0241 
2018-06-09 18:44:17;   VAC  0241 
2018-06-09 18:44:28;   VAC  0241 
2018-06-09 18:44:38;   VAC  0241 
2018-06-09 18:44:48;   VAC  0242 
2018-06-09 18:44:58;   VAC  0242 
2018-06-09 18:45:08;   VAC  0241 
2018-06-09 18:45:18;   VAC  0241 
2018-06-09 18:45:28;   VAC  0241 
2018-06-09 18:45:38;   VAC  0241 
2018-06-09 18:45:48;   VAC  0241 
2018-06-09 18:45:58;   VAC  0241 
2018-06-09 18:46:08;   VAC  0242 
2018-06-09 18:46:18;   VAC  0242 
2018-06-09 18:46:28;   VAC  0241 
2018-06-09 18:46:38;   VAC  0241 
2018-06-09 18:46:48;   VAC  0241 
2018-06-09 18:46:58;   VAC  0241 
2018-06-09 18:47:08;   VAC  0241 
2018-06-09 18:47:18;   VAC  0241 
2018-06-09 18:47:28;   VAC  0241 
2018-06-09 18:47:38;   VAC  0241 
2018-06-09 18:47:48;   VAC  0241 
2018-06-09 18:47:58;   VAC  0241 
2018-06-09 18:48:08;   VAC  0241 
2018-06-09 18:48:18;   VAC  0240 
2018-06-09 18:48:28;   VAC  0241 
2018-06-09 18:48:38;   VAC  0241 
2018-06-09 18:48:48;   VAC  0241 
2018-06-09 18:48:58;   VAC  0241 
2018-06-09 18:49:08;   VAC  0241 
2018-06-09 18:49:18;   VAC  0241 
2018-06-09 18:49:28;   VAC  0241 
2018-06-09 18:49:38;   VAC  0241 
2018-06-09 18:49:48;   VAC  0241 
2018-06-09 18:49:58;   VAC  0240 
2018-06-09 18:50:08;   VAC  0241 
2018-06-09 18:50:18;   VAC  0241 
2018-06-09 18:50:28;   VAC  0241 
2018-06-09 18:50:38;   VAC  0241 
2018-06-09 18:50:48;   VAC  0241 
2018-06-09 18:50:58;   VAC  0241 
2018-06-09 18:51:08;   VAC  0241 
2018-06-09 18:51:18;   VAC  0241 
2018-06-09 18:51:28;   VAC  0241 
2018-06-09 18:51:38;   VAC  0240 
2018-06-09 18:51:48;   VAC  0240 
2018-06-09 18:51:58;   VAC  0241 
2018-06-09 18:52:08;   VAC  0240 
2018-06-09 18:52:18;   VAC  0241 
2018-06-09 18:52:28;   VAC  0241 
2018-06-09 18:52:38;   VAC  0241 
2018-06-09 18:52:48;   VAC  0241 
2018-06-09 18:52:58;   VAC  0241 
2018-06-09 18:53:08;   VAC  0241 
2018-06-09 18:53:18;   VAC  0241 
2018-06-09 18:53:28;   VAC  0241 
2018-06-09 18:53:38;   VAC  0241 
2018-06-09 18:53:48;   VAC  0241 
2018-06-09 18:53:58;   VAC  0241 
2018-06-09 18:54:08;   VAC  0241 
2018-06-09 18:54:18;   VAC  0241 
2018-06-09 18:54:28;   VAC  0241 
2018-06-09 18:54:38;   VAC  0241 
2018-06-09 18:54:48;   VAC  0241 
2018-06-09 18:54:58;   VAC  0241 
2018-06-09 18:55:08;   VAC  0241 
2018-06-09 18:55:18;   VAC  0241 
2018-06-09 18:55:28;   VAC  0241 
2018-06-09 18:55:38;   VAC  0241 
2018-06-09 18:55:48;   VAC  0240 
2018-06-09 18:55:58;   VAC  0241 
2018-06-09 18:56:08;   VAC  0241 
2018-06-09 18:56:18;   VAC  0241 
2018-06-09 18:56:28;   VAC  0241 
2018-06-09 18:56:38;   VAC  0241 
2018-06-09 18:56:48;   VAC  0241 
2018-06-09 18:56:58;   VAC  0241 
2018-06-09 18:57:08;   VAC  0241 
2018-06-09 18:57:18;   VAC  0241 
2018-06-09 18:57:28;   VAC  0241 
2018-06-09 18:57:38;   VAC  0241 
2018-06-09 18:57:48;   VAC  0241 
2018-06-09 18:57:58;   VAC  0241 
2018-06-09 18:58:08;   VAC  0241 
2018-06-09 18:58:18;   VAC  0241 
2018-06-09 18:58:28;   VAC  0241 
2018-06-09 18:58:38;   VAC  0241 
2018-06-09 18:58:48;   VAC  0240 
2018-06-09 18:58:58;   VAC  0241 
2018-06-09 18:59:08;   VAC  0241 
2018-06-09 18:59:18;   VAC  0241 
2018-06-09 18:59:28;   VAC  0241 
2018-06-09 18:59:38;   VAC  0241 
2018-06-09 18:59:48;   VAC  0241 
2018-06-09 18:59:58;   VAC  0241 
2018-06-09 19:00:08;   VAC  0241 
2018-06-09 19:00:18;   VAC  0241 
2018-06-09 19:00:28;   VAC  0241 
2018-06-09 19:00:38;   VAC  0241 
2018-06-09 19:00:48;   VAC  0241 
2018-06-09 19:00:58;   VAC  0241 
2018-06-09 19:01:08;   VAC  0241 
2018-06-09 19:01:18;   VAC  0241 
2018-06-09 19:01:28;   VAC  0240 
2018-06-09 19:01:38;   VAC  0241 
2018-06-09 19:01:48;   VAC  0241 
2018-06-09 19:01:58;   VAC  0241 
2018-06-09 19:02:08;   VAC  0241 
2018-06-09 19:02:18;   VAC  0241 
2018-06-09 19:02:28;   VAC  0241 
2018-06-09 19:02:38;   VAC  0241 
2018-06-09 19:02:48;   VAC  0240 
2018-06-09 19:02:58;   VAC  0240 
2018-06-09 19:03:08;   VAC  0240 
2018-06-09 19:03:18;   VAC  0241 
2018-06-09 19:03:28;   VAC  0240 
2018-06-09 19:03:38;   VAC  0240 
2018-06-09 19:03:48;   VAC  0241 
2018-06-09 19:03:58;   VAC  0241 
2018-06-09 19:04:08;   VAC  0241 
2018-06-09 19:04:18;   VAC  0241 
2018-06-09 19:04:28;   VAC  0240 
2018-06-09 19:04:38;   VAC  0241 
2018-06-09 19:04:48;   VAC  0241 
2018-06-09 19:04:58;   VAC  0241 
2018-06-09 19:05:08;   VAC  0241 
2018-06-09 19:05:18;   VAC  0241 
2018-06-09 19:05:28;   VAC  0241 
2018-06-09 19:05:38;   VAC  0240 
2018-06-09 19:05:48;   VAC  0241 
2018-06-09 19:05:58;   VAC  0241 
2018-06-09 19:06:08;   VAC  0240 
2018-06-09 19:06:18;   VAC  0241 
2018-06-09 19:06:28;   VAC  0241 
2018-06-09 19:06:38;   VAC  0241 
2018-06-09 19:06:48;   VAC  0240 
2018-06-09 19:06:58;   VAC  0241 
2018-06-09 19:07:08;   VAC  0241 
2018-06-09 19:07:18;   VAC  0240 
2018-06-09 19:07:28;   VAC  0240 
2018-06-09 19:07:38;   VAC  0240 
2018-06-09 19:07:48;   VAC  0241 
2018-06-09 19:07:58;   VAC  0240 
2018-06-09 19:08:08;   VAC  0240 
2018-06-09 19:08:18;   VAC  0240 
2018-06-09 19:08:28;   VAC  0240 
2018-06-09 19:08:38;   VAC  0240 
2018-06-09 19:08:48;   VAC  0241 
2018-06-09 19:08:58;   VAC  0241 
2018-06-09 19:09:08;   VAC  0241 
2018-06-09 19:09:18;   VAC  0241 
2018-06-09 19:09:28;   VAC  0241 
2018-06-09 19:09:38;   VAC  0241 
2018-06-09 19:09:48;   VAC  0240 
2018-06-09 19:09:58;   VAC  0241 
2018-06-09 19:10:08;   VAC  0240 
2018-06-09 19:10:18;   VAC  0241 
2018-06-09 19:10:28;   VAC  0241 
2018-06-09 19:10:38;   VAC  0241 
2018-06-09 19:10:48;   VAC  0241 
2018-06-09 19:10:58;   VAC  0241 
2018-06-09 19:11:08;   VAC  0241 
2018-06-09 19:11:18;   VAC  0241 
2018-06-09 19:11:28;   VAC  0241 
2018-06-09 19:11:38;   VAC  0241 
2018-06-09 19:11:48;   VAC  0241 
2018-06-09 19:11:58;   VAC  0241 
2018-06-09 19:12:08;   VAC  0239 
2018-06-09 19:12:18;   VAC  0241 
2018-06-09 19:12:28;   VAC  0241 
2018-06-09 19:12:38;   VAC  0241 
2018-06-09 19:12:48;   VAC  0241 
2018-06-09 19:12:58;   VAC  0241 
2018-06-09 19:13:08;   VAC  0241 
2018-06-09 19:13:18;   VAC  0241 
2018-06-09 19:13:28;   VAC  0241 
2018-06-09 19:13:38;   VAC  0241 
2018-06-09 19:13:48;   VAC  0241 
2018-06-09 19:13:58;   VAC  0241 
2018-06-09 19:14:08;   VAC  0241 
2018-06-09 19:14:18;   VAC  0241 
2018-06-09 19:14:28;   VAC  0241 
2018-06-09 19:14:38;   VAC  0241 
2018-06-09 19:14:48;   VAC  0241 
2018-06-09 19:14:58;   VAC  0241 
2018-06-09 19:15:08;   VAC  0241 
2018-06-09 19:15:18;   VAC  0241 
2018-06-09 19:15:28;   VAC  0241 
2018-06-09 19:15:38;   VAC  0240 
2018-06-09 19:15:48;   VAC  0240 
2018-06-09 19:15:58;   VAC  0240 
2018-06-09 19:16:08;   VAC  0241 
2018-06-09 19:16:18;   VAC  0241 
2018-06-09 19:16:28;   VAC  0240 
2018-06-09 19:16:38;   VAC  0241 
2018-06-09 19:16:48;   VAC  0241 
2018-06-09 19:16:58;   VAC  0241 
2018-06-09 19:17:08;   VAC  0241 
2018-06-09 19:17:18;   VAC  0241 
2018-06-09 19:17:28;   VAC  0240 
2018-06-09 19:17:38;   VAC  0240 
2018-06-09 19:17:48;   VAC  0241 
2018-06-09 19:17:58;   VAC  0241 
2018-06-09 19:18:08;   VAC  0241 
2018-06-09 19:18:18;   VAC  0241 
2018-06-09 19:18:28;   VAC  0241 
2018-06-09 19:18:38;   VAC  0240 
2018-06-09 19:18:48;   VAC  0241 
2018-06-09 19:18:58;   VAC  0241 
2018-06-09 19:19:08;   VAC  0241 
2018-06-09 19:19:18;   VAC  0241 
2018-06-09 19:19:28;   VAC  0241 
2018-06-09 19:19:38;   VAC  0241 
2018-06-09 19:19:48;   VAC  0241 
2018-06-09 19:19:58;   VAC  0241 
2018-06-09 19:20:08;   VAC  0241 
2018-06-09 19:20:18;   VAC  0241 
2018-06-09 19:20:28;   VAC  0241 
2018-06-09 19:20:38;   VAC  0241 
2018-06-09 19:20:48;   VAC  0241 
2018-06-09 19:20:58;   VAC  0241 
2018-06-09 19:21:08;   VAC  0241 
2018-06-09 19:21:18;   VAC  0241 
2018-06-09 19:21:28;   VAC  0241 
2018-06-09 19:21:38;   VAC  0241 
2018-06-09 19:21:48;   VAC  0241 
2018-06-09 19:21:58;   VAC  0241 
2018-06-09 19:22:08;   VAC  0241 
2018-06-09 19:22:18;   VAC  0241 
2018-06-09 19:22:28;   VAC  0241 
2018-06-09 19:22:38;   VAC  0241 
2018-06-09 19:22:48;   VAC  0241 
2018-06-09 19:22:58;   VAC  0241 
2018-06-09 19:23:08;   VAC  0241 
2018-06-09 19:23:18;   VAC  0241 
2018-06-09 19:23:28;   VAC  0241 
2018-06-09 19:23:38;   VAC  0241 
2018-06-09 19:23:48;   VAC  0241 
2018-06-09 19:23:58;   VAC  0241 
2018-06-09 19:24:08;   VAC  0241 
2018-06-09 19:24:18;   VAC  0240 
2018-06-09 19:24:28;   VAC  0241 
2018-06-09 19:24:38;   VAC  0241 
2018-06-09 19:24:48;   VAC  0241 
2018-06-09 19:24:58;   VAC  0241 
2018-06-09 19:25:08;   VAC  0241 
2018-06-09 19:25:18;   VAC  0241 
2018-06-09 19:25:28;   VAC  0241 
2018-06-09 19:25:38;   VAC  0240 
2018-06-09 19:25:48;   VAC  0240 
2018-06-09 19:25:58;   VAC  0241 
2018-06-09 19:26:08;   VAC  0241 
2018-06-09 19:26:18;   VAC  0241 
2018-06-09 19:26:28;   VAC  0241 
2018-06-09 19:26:38;   VAC  0241 
2018-06-09 19:26:48;   VAC  0241 
2018-06-09 19:26:58;   VAC  0240 
2018-06-09 19:27:08;   VAC  0241 
2018-06-09 19:27:18;   VAC  0241 
2018-06-09 19:27:28;   VAC  0241 
2018-06-09 19:27:38;   VAC  0241 
2018-06-09 19:27:48;   VAC  0241 
2018-06-09 19:27:58;   VAC  0241 
2018-06-09 19:28:08;   VAC  0241 
2018-06-09 19:28:18;   VAC  0241 
2018-06-09 19:28:28;   VAC  0241 
2018-06-09 19:28:38;   VAC  0241 
2018-06-09 19:28:48;   VAC  0241 
2018-06-09 19:28:58;   VAC  0241 
2018-06-09 19:29:08;   VAC  0240 
2018-06-09 19:29:18;   VAC  0240 
2018-06-09 19:29:28;   VAC  0240 
2018-06-09 19:29:38;   VAC  0240 
2018-06-09 19:29:48;   VAC  0241 
2018-06-09 19:29:58;   VAC  0240 
2018-06-09 19:30:08;   VAC  0240 
2018-06-09 19:30:18;   VAC  0240 
2018-06-09 19:30:28;   VAC  0241 
2018-06-09 19:30:38;   VAC  0241 
2018-06-09 19:30:48;   VAC  0241 
2018-06-09 19:30:58;   VAC  0241 
2018-06-09 19:31:08;   VAC  0241 
2018-06-09 19:31:18;   VAC  0241 
2018-06-09 19:31:28;   VAC  0241 
2018-06-09 19:31:38;   VAC  0241 
2018-06-09 19:31:48;   VAC  0240 
2018-06-09 19:31:58;   VAC  0241 
2018-06-09 19:32:08;   VAC  0240 
2018-06-09 19:32:18;   VAC  0241 
2018-06-09 19:32:28;   VAC  0240 
2018-06-09 19:32:38;   VAC  0241 
2018-06-09 19:32:48;   VAC  0240 
2018-06-09 19:32:58;   VAC  0241 
2018-06-09 19:33:08;   VAC  0241 
2018-06-09 19:33:18;   VAC  0241 
2018-06-09 19:33:28;   VAC  0241 
2018-06-09 19:33:38;   VAC  0240 
2018-06-09 19:33:48;   VAC  0241 
2018-06-09 19:33:58;   VAC  0241 
2018-06-09 19:34:08;   VAC  0241 
2018-06-09 19:34:18;   VAC  0241 
2018-06-09 19:34:28;   VAC  0241 
2018-06-09 19:34:38;   VAC  0241 
2018-06-09 19:34:48;   VAC  0240 
2018-06-09 19:34:58;   VAC  0240 
2018-06-09 19:35:08;   VAC  0240 
2018-06-09 19:35:18;   VAC  0240 
2018-06-09 19:35:28;   VAC  0240 
2018-06-09 19:35:38;   VAC  0240 
2018-06-09 19:35:48;   VAC  0241 
2018-06-09 19:35:58;   VAC  0241 
2018-06-09 19:36:08;   VAC  0241 
2018-06-09 19:36:18;   VAC  0241 
2018-06-09 19:36:28;   VAC  0241 
2018-06-09 19:36:38;   VAC  0241 
2018-06-09 19:36:48;   VAC  0241 
2018-06-09 19:36:58;   VAC  0240 
2018-06-09 19:37:08;   VAC  0241 
2018-06-09 19:37:18;   VAC  0241 
2018-06-09 19:37:28;   VAC  0240 
2018-06-09 19:37:38;   VAC  0240 
2018-06-09 19:37:48;   VAC  0240 
2018-06-09 19:37:58;   VAC  0240 
2018-06-09 19:38:08;   VAC  0240 
2018-06-09 19:38:18;   VAC  0241 
2018-06-09 19:38:28;   VAC  0241 
2018-06-09 19:38:38;   VAC  0241 
2018-06-09 19:38:48;   VAC  0241 
2018-06-09 19:38:58;   VAC  0241 
2018-06-09 19:39:08;   VAC  0241 
2018-06-09 19:39:18;   VAC  0241 
2018-06-09 19:39:28;   VAC  0241 
2018-06-09 19:39:38;   VAC  0241 
2018-06-09 19:39:48;   VAC  0241 
2018-06-09 19:39:58;   VAC  0241 
2018-06-09 19:40:08;   VAC  0241 
2018-06-09 19:40:18;   VAC  0241 
2018-06-09 19:40:28;   VAC  0240 
2018-06-09 19:40:38;   VAC  0241 
2018-06-09 19:40:48;   VAC  0241 
2018-06-09 19:40:58;   VAC  0241 
2018-06-09 19:41:08;   VAC  0241 
2018-06-09 19:41:18;   VAC  0240 
2018-06-09 19:41:28;   VAC  0241 
2018-06-09 19:41:38;   VAC  0241 
2018-06-09 19:41:48;   VAC  0241 
2018-06-09 19:41:58;   VAC  0241 
2018-06-09 19:42:08;   VAC  0241 
2018-06-09 19:42:18;   VAC  0241 
2018-06-09 19:42:28;   VAC  0241 
2018-06-09 19:42:38;   VAC  0241 
2018-06-09 19:42:48;   VAC  0240 
2018-06-09 19:42:58;   VAC  0241 
2018-06-09 19:43:08;   VAC  0241 
2018-06-09 19:43:18;   VAC  0241 
2018-06-09 19:43:28;   VAC  0241 
2018-06-09 19:43:38;   VAC  0241 
2018-06-09 19:43:48;   VAC  0241 
2018-06-09 19:43:58;   VAC  0241 
2018-06-09 19:44:08;   VAC  0241 
2018-06-09 19:44:18;   VAC  0241 
2018-06-09 19:44:28;   VAC  0241 
2018-06-09 19:44:38;   VAC  0241 
2018-06-09 19:44:48;   VAC  0241 
2018-06-09 19:44:58;   VAC  0241 
2018-06-09 19:45:08;   VAC  0241 
2018-06-09 19:45:18;   VAC  0241 
2018-06-09 19:45:28;   VAC  0241 
2018-06-09 19:45:38;   VAC  0241 
2018-06-09 19:45:48;   VAC  0241 
2018-06-09 19:45:58;   VAC  0241 
2018-06-09 19:46:08;   VAC  0241 
2018-06-09 19:46:18;   VAC  0241 
2018-06-09 19:46:28;   VAC  0241 
2018-06-09 19:46:38;   VAC  0241 
2018-06-09 19:46:48;   VAC  0241 
2018-06-09 19:46:58;   VAC  0241 
2018-06-09 19:47:08;   VAC  0241 
2018-06-09 19:47:18;   VAC  0241 
2018-06-09 19:47:28;   VAC  0241 
2018-06-09 19:47:38;   VAC  0241 
2018-06-09 19:47:48;   VAC  0241 
2018-06-09 19:47:58;   VAC  0241 
2018-06-09 19:48:08;   VAC  0241 
2018-06-09 19:48:18;   VAC  0241 
2018-06-09 19:48:28;   VAC  0241 
2018-06-09 19:48:38;   VAC  0241 
2018-06-09 19:48:48;   VAC  0241 
2018-06-09 19:48:58;   VAC  0241 
2018-06-09 19:49:08;   VAC  0241 
2018-06-09 19:49:18;   VAC  0241 
2018-06-09 19:49:28;   VAC  0241 
2018-06-09 19:49:38;   VAC  0241 
2018-06-09 19:49:48;   VAC  0241 
2018-06-09 19:49:58;   VAC  0241 
2018-06-09 19:50:08;   VAC  0241 
2018-06-09 19:50:18;   VAC  0241 
2018-06-09 19:50:28;   VAC  0241 
2018-06-09 19:50:38;   VAC  0241 
2018-06-09 19:50:48;   VAC  0241 
2018-06-09 19:50:58;   VAC  0241 
2018-06-09 19:51:08;   VAC  0241 
2018-06-09 19:51:18;   VAC  0241 
2018-06-09 19:51:28;   VAC  0241 
2018-06-09 19:51:38;   VAC  0241 
2018-06-09 19:51:48;   VAC  0241 
2018-06-09 19:51:58;   VAC  0241 
2018-06-09 19:52:08;   VAC  0241 
2018-06-09 19:52:18;   VAC  0241 
2018-06-09 19:52:28;   VAC  0241 
2018-06-09 19:52:38;   VAC  0241 
2018-06-09 19:52:48;   VAC  0241 
2018-06-09 19:52:58;   VAC  0241 
2018-06-09 19:53:08;   VAC  0241 
2018-06-09 19:53:18;   VAC  0241 
2018-06-09 19:53:28;   VAC  0241 
2018-06-09 19:53:38;   VAC  0240 
2018-06-09 19:53:48;   VAC  0241 
2018-06-09 19:53:58;   VAC  0241 
2018-06-09 19:54:08;   VAC  0241 
2018-06-09 19:54:18;   VAC  0241 
2018-06-09 19:54:29;   VAC  0241 
2018-06-09 19:54:39;   VAC  0241 
2018-06-09 19:54:49;   VAC  0241 
2018-06-09 19:54:59;   VAC  0241 
2018-06-09 19:55:09;   VAC  0241 
2018-06-09 19:55:19;   VAC  0241 
2018-06-09 19:55:29;   VAC  0241 
2018-06-09 19:55:39;   VAC  0241 
2018-06-09 19:55:49;   VAC  0241 
2018-06-09 19:55:59;   VAC  0241 
2018-06-09 19:56:09;   VAC  0241 
2018-06-09 19:56:19;   VAC  0241 
2018-06-09 19:56:29;   VAC  0241 
2018-06-09 19:56:39;   VAC  0241 
2018-06-09 19:56:49;   VAC  0241 
2018-06-09 19:56:59;   VAC  0241 
2018-06-09 19:57:09;   VAC  0241 
2018-06-09 19:57:19;   VAC  0240 
2018-06-09 19:57:29;   VAC  0241 
2018-06-09 19:57:39;   VAC  0241 
2018-06-09 19:57:49;   VAC  0241 
2018-06-09 19:57:59;   VAC  0241 
2018-06-09 19:58:09;   VAC  0241 
2018-06-09 19:58:19;   VAC  0241 
2018-06-09 19:58:29;   VAC  0241 
2018-06-09 19:58:39;   VAC  0241 
2018-06-09 19:58:49;   VAC  0241 
2018-06-09 19:58:59;   VAC  0241 
2018-06-09 19:59:09;   VAC  0241 
2018-06-09 19:59:19;   VAC  0241 
2018-06-09 19:59:29;   VAC  0241 
2018-06-09 19:59:39;   VAC  0241 
2018-06-09 19:59:49;   VAC  0241 
2018-06-09 19:59:59;   VAC  0241 
2018-06-09 20:00:09;   VAC  0241 
2018-06-09 20:00:19;   VAC  0242 
2018-06-09 20:00:29;   VAC  0241 
2018-06-09 20:00:39;   VAC  0241 
2018-06-09 20:00:49;   VAC  0241 
2018-06-09 20:00:59;   VAC  0241 
2018-06-09 20:01:09;   VAC  0241 
2018-06-09 20:01:19;   VAC  0242 
2018-06-09 20:01:29;   VAC  0242 
2018-06-09 20:01:39;   VAC  0242 
2018-06-09 20:01:49;   VAC  0241 
2018-06-09 20:01:59;   VAC  0242 
2018-06-09 20:02:09;   VAC  0242 
2018-06-09 20:02:19;   VAC  0242 
2018-06-09 20:02:29;   VAC  0242 
2018-06-09 20:02:39;   VAC  0242 
2018-06-09 20:02:49;   VAC  0241 
2018-06-09 20:02:59;   VAC  0241 
2018-06-09 20:03:09;   VAC  0242 
2018-06-09 20:03:19;   VAC  0241 
2018-06-09 20:03:29;   VAC  0242 
2018-06-09 20:03:39;   VAC  0242 
2018-06-09 20:03:49;   VAC  0241 
2018-06-09 20:03:59;   VAC  0241 
2018-06-09 20:04:09;   VAC  0242 
2018-06-09 20:04:19;   VAC  0241 
2018-06-09 20:04:29;   VAC  0241 
2018-06-09 20:04:39;   VAC  0241 
2018-06-09 20:04:49;   VAC  0241 
2018-06-09 20:04:59;   VAC  0241 
2018-06-09 20:05:09;   VAC  0241 
2018-06-09 20:05:19;   VAC  0241 
2018-06-09 20:05:29;   VAC  0241 
2018-06-09 20:05:39;   VAC  0241 
2018-06-09 20:05:49;   VAC  0241 
2018-06-09 20:05:59;   VAC  0241 
2018-06-09 20:06:09;   VAC  0241 
2018-06-09 20:06:19;   VAC  0242 
2018-06-09 20:06:29;   VAC  0241 
2018-06-09 20:06:39;   VAC  0241 
2018-06-09 20:06:49;   VAC  0241 
2018-06-09 20:06:59;   VAC  0241 
2018-06-09 20:07:09;   VAC  0241 
2018-06-09 20:07:19;   VAC  0241 
2018-06-09 20:07:29;   VAC  0241 
2018-06-09 20:07:39;   VAC  0241 
2018-06-09 20:07:49;   VAC  0241 
2018-06-09 20:07:59;   VAC  0241 
2018-06-09 20:08:09;   VAC  0241 
2018-06-09 20:08:19;   VAC  0241 
2018-06-09 20:08:29;   VAC  0241 
2018-06-09 20:08:39;   VAC  0241 
2018-06-09 20:08:49;   VAC  0241 
2018-06-09 20:08:59;   VAC  0241 
2018-06-09 20:09:09;   VAC  0242 
2018-06-09 20:09:19;   VAC  0241 
2018-06-09 20:09:29;   VAC  0241 
2018-06-09 20:09:39;   VAC  0241 
2018-06-09 20:09:49;   VAC  0241 
2018-06-09 20:09:59;   VAC  0241 
2018-06-09 20:10:09;   VAC  0241 
2018-06-09 20:10:19;   VAC  0241 
2018-06-09 20:10:29;   VAC  0241 
2018-06-09 20:10:39;   VAC  0241 
2018-06-09 20:10:49;   VAC  0241 
2018-06-09 20:10:59;   VAC  0241 
2018-06-09 20:11:09;   VAC  0240 
2018-06-09 20:11:19;   VAC  0241 
2018-06-09 20:11:29;   VAC  0241 
2018-06-09 20:11:39;   VAC  0241 
2018-06-09 20:11:49;   VAC  0241 
2018-06-09 20:11:59;   VAC  0241 
2018-06-09 20:12:09;   VAC  0241 
2018-06-09 20:12:19;   VAC  0241 
2018-06-09 20:12:29;   VAC  0241 
2018-06-09 20:12:39;   VAC  0241 
2018-06-09 20:12:49;   VAC  0241 
2018-06-09 20:12:59;   VAC  0241 
2018-06-09 20:13:09;   VAC  0241 
2018-06-09 20:13:19;   VAC  0241 
2018-06-09 20:13:29;   VAC  0241 
2018-06-09 20:13:39;   VAC  0241 
2018-06-09 20:13:49;   VAC  0241 
2018-06-09 20:13:59;   VAC  0241 
2018-06-09 20:14:09;   VAC  0241 
2018-06-09 20:14:19;   VAC  0241 
2018-06-09 20:14:29;   VAC  0241 
2018-06-09 20:14:39;   VAC  0241 
2018-06-09 20:14:49;   VAC  0241 
2018-06-09 20:14:59;   VAC  0241 
2018-06-09 20:15:09;   VAC  0241 
2018-06-09 20:15:19;   VAC  0241 
2018-06-09 20:15:29;   VAC  0241 
2018-06-09 20:15:39;   VAC  0241 
2018-06-09 20:15:49;   VAC  0241 
2018-06-09 20:15:59;   VAC  0241 
2018-06-09 20:16:09;   VAC  0241 
2018-06-09 20:16:19;   VAC  0241 
2018-06-09 20:16:29;   VAC  0241 
2018-06-09 20:16:39;   VAC  0241 
2018-06-09 20:16:49;   VAC  0241 
2018-06-09 20:16:59;   VAC  0241 
2018-06-09 20:17:09;   VAC  0241 
2018-06-09 20:17:19;   VAC  0241 
2018-06-09 20:17:29;   VAC  0241 
2018-06-09 20:17:39;   VAC  0241 
2018-06-09 20:17:49;   VAC  0241 
2018-06-09 20:17:59;   VAC  0241 
2018-06-09 20:18:09;   VAC  0241 
2018-06-09 20:18:19;   VAC  0241 
2018-06-09 20:18:29;   VAC  0241 
2018-06-09 20:18:39;   VAC  0241 
2018-06-09 20:18:49;   VAC  0241 
2018-06-09 20:18:59;   VAC  0241 
2018-06-09 20:19:09;   VAC  0241 
2018-06-09 20:19:19;   VAC  0241 
2018-06-09 20:19:29;   VAC  0241 
2018-06-09 20:19:39;   VAC  0241 
2018-06-09 20:19:49;   VAC  0241 
2018-06-09 20:19:59;   VAC  0241 
2018-06-09 20:20:09;   VAC  0241 
2018-06-09 20:20:19;   VAC  0241 
2018-06-09 20:20:29;   VAC  0241 
2018-06-09 20:20:39;   VAC  0241 
2018-06-09 20:20:49;   VAC  0241 
2018-06-09 20:20:59;   VAC  0241 
2018-06-09 20:21:09;   VAC  0241 
2018-06-09 20:21:19;   VAC  0241 
2018-06-09 20:21:29;   VAC  0241 
2018-06-09 20:21:39;   VAC  0241 
2018-06-09 20:21:49;   VAC  0241 
2018-06-09 20:21:59;   VAC  0241 
2018-06-09 20:22:09;   VAC  0241 
2018-06-09 20:22:19;   VAC  0241 
2018-06-09 20:22:29;   VAC  0241 
2018-06-09 20:22:39;   VAC  0241 
2018-06-09 20:22:49;   VAC  0241 
2018-06-09 20:22:59;   VAC  0241 
2018-06-09 20:23:09;   VAC  0241 
2018-06-09 20:23:19;   VAC  0241 
2018-06-09 20:23:29;   VAC  0241 
2018-06-09 20:23:39;   VAC  0241 
2018-06-09 20:23:49;   VAC  0242 
2018-06-09 20:23:59;   VAC  0241 
2018-06-09 20:24:09;   VAC  0241 
2018-06-09 20:24:19;   VAC  0241 
2018-06-09 20:24:29;   VAC  0241 
2018-06-09 20:24:39;   VAC  0241 
2018-06-09 20:24:49;   VAC  0241 
2018-06-09 20:24:59;   VAC  0241 
2018-06-09 20:25:09;   VAC  0241 
2018-06-09 20:25:19;   VAC  0241 
2018-06-09 20:25:29;   VAC  0241 
2018-06-09 20:25:39;   VAC  0242 
2018-06-09 20:25:49;   VAC  0242 
2018-06-09 20:25:59;   VAC  0241 
2018-06-09 20:26:09;   VAC  0241 
2018-06-09 20:26:19;   VAC  0241 
2018-06-09 20:26:29;   VAC  0241 
2018-06-09 20:26:39;   VAC  0241 
2018-06-09 20:26:49;   VAC  0241 
2018-06-09 20:26:59;   VAC  0241 
2018-06-09 20:27:09;   VAC  0241 
2018-06-09 20:27:19;   VAC  0241 
2018-06-09 20:27:29;   VAC  0241 
2018-06-09 20:27:39;   VAC  0241 
2018-06-09 20:27:49;   VAC  0241 
2018-06-09 20:27:59;   VAC  0241 
2018-06-09 20:28:09;   VAC  0241 
2018-06-09 20:28:19;   VAC  0241 
2018-06-09 20:28:29;   VAC  0242 
2018-06-09 20:28:39;   VAC  0241 
2018-06-09 20:28:49;   VAC  0241 
2018-06-09 20:28:59;   VAC  0241 
2018-06-09 20:29:09;   VAC  0241 
2018-06-09 20:29:19;   VAC  0241 
2018-06-09 20:29:29;   VAC  0241 
2018-06-09 20:29:39;   VAC  0241 
2018-06-09 20:29:49;   VAC  0241 
2018-06-09 20:29:59;   VAC  0241 
2018-06-09 20:30:09;   VAC  0240 
2018-06-09 20:30:19;   VAC  0241 
2018-06-09 20:30:29;   VAC  0241 
2018-06-09 20:30:39;   VAC  0241 
2018-06-09 20:30:49;   VAC  0241 
2018-06-09 20:30:59;   VAC  0241 
2018-06-09 20:31:09;   VAC  0241 
2018-06-09 20:31:19;   VAC  0241 
2018-06-09 20:31:29;   VAC  0241 
2018-06-09 20:31:39;   VAC  0241 
2018-06-09 20:31:49;   VAC  0241 
2018-06-09 20:31:59;   VAC  0241 
2018-06-09 20:32:09;   VAC  0241 
2018-06-09 20:32:19;   VAC  0241 
2018-06-09 20:32:29;   VAC  0241 
2018-06-09 20:32:39;   VAC  0241 
2018-06-09 20:32:49;   VAC  0241 
2018-06-09 20:32:59;   VAC  0241 
2018-06-09 20:33:09;   VAC  0241 
2018-06-09 20:33:19;   VAC  0241 
2018-06-09 20:33:29;   VAC  0241 
2018-06-09 20:33:39;   VAC  0241 
2018-06-09 20:33:49;   VAC  0241 
2018-06-09 20:33:59;   VAC  0241 
2018-06-09 20:34:09;   VAC  0241 
2018-06-09 20:34:19;   VAC  0241 
2018-06-09 20:34:29;   VAC  0241 
2018-06-09 20:34:39;   VAC  0241 
2018-06-09 20:34:49;   VAC  0241 
2018-06-09 20:34:59;   VAC  0241 
2018-06-09 20:35:09;   VAC  0241 
2018-06-09 20:35:19;   VAC  0241 
2018-06-09 20:35:29;   VAC  0240 
2018-06-09 20:35:39;   VAC  0241 
2018-06-09 20:35:49;   VAC  0241 
2018-06-09 20:35:59;   VAC  0241 
2018-06-09 20:36:09;   VAC  0240 
2018-06-09 20:36:19;   VAC  0241 
2018-06-09 20:36:29;   VAC  0241 
2018-06-09 20:36:39;   VAC  0240 
2018-06-09 20:36:49;   VAC  0241 
2018-06-09 20:36:59;   VAC  0241 
2018-06-09 20:37:09;   VAC  0241 
2018-06-09 20:37:19;   VAC  0241 
2018-06-09 20:37:29;   VAC  0241 
2018-06-09 20:37:39;   VAC  0241 
2018-06-09 20:37:49;   VAC  0241 
2018-06-09 20:37:59;   VAC  0241 
2018-06-09 20:38:09;   VAC  0241 
2018-06-09 20:38:19;   VAC  0241 
2018-06-09 20:38:29;   VAC  0241 
2018-06-09 20:38:39;   VAC  0241 
2018-06-09 20:38:49;   VAC  0241 
2018-06-09 20:38:59;   VAC  0241 
2018-06-09 20:39:09;   VAC  0241 
2018-06-09 20:39:19;   VAC  0242 
2018-06-09 20:39:29;   VAC  0241 
2018-06-09 20:39:39;   VAC  0241 
2018-06-09 20:39:49;   VAC  0240 
2018-06-09 20:39:59;   VAC  0241 
2018-06-09 20:40:09;   VAC  0241 
2018-06-09 20:40:19;   VAC  0241 
2018-06-09 20:40:29;   VAC  0241 
2018-06-09 20:40:39;   VAC  0241 
2018-06-09 20:40:49;   VAC  0241 
2018-06-09 20:40:59;   VAC  0241 
2018-06-09 20:41:09;   VAC  0241 
2018-06-09 20:41:19;   VAC  0241 
2018-06-09 20:41:29;   VAC  0241 
2018-06-09 20:41:39;   VAC  0241 
2018-06-09 20:41:49;   VAC  0241 
2018-06-09 20:41:59;   VAC  0241 
2018-06-09 20:42:09;   VAC  0241 
2018-06-09 20:42:19;   VAC  0241 
2018-06-09 20:42:29;   VAC  0241 
2018-06-09 20:42:39;   VAC  0241 
2018-06-09 20:42:49;   VAC  0241 
2018-06-09 20:42:59;   VAC  0241 
2018-06-09 20:43:09;   VAC  0241 
2018-06-09 20:43:19;   VAC  0241 
2018-06-09 20:43:29;   VAC  0241 
2018-06-09 20:43:39;   VAC  0241 
2018-06-09 20:43:49;   VAC  0240 
2018-06-09 20:43:59;   VAC  0241 
2018-06-09 20:44:09;   VAC  0241 
2018-06-09 20:44:19;   VAC  0241 
2018-06-09 20:44:29;   VAC  0241 
2018-06-09 20:44:39;   VAC  0241 
2018-06-09 20:44:49;   VAC  0241 
2018-06-09 20:44:59;   VAC  0241 
2018-06-09 20:45:09;   VAC  0241 
